-- phpMyAdmin SQL Dump
-- version 4.8.5
-- https://www.phpmyadmin.net/
--
-- Máy chủ: localhost
-- Thời gian đã tạo: Th2 06, 2022 lúc 01:26 PM
-- Phiên bản máy phục vụ: 5.7.25
-- Phiên bản PHP: 7.1.26

SET SQL_MODE = "NO_AUTO_VALUE_ON_ZERO";
SET AUTOCOMMIT = 0;
START TRANSACTION;
SET time_zone = "+00:00";


/*!40101 SET @OLD_CHARACTER_SET_CLIENT=@@CHARACTER_SET_CLIENT */;
/*!40101 SET @OLD_CHARACTER_SET_RESULTS=@@CHARACTER_SET_RESULTS */;
/*!40101 SET @OLD_COLLATION_CONNECTION=@@COLLATION_CONNECTION */;
/*!40101 SET NAMES utf8mb4 */;

--
-- Cơ sở dữ liệu: `shopmypham`
--

-- --------------------------------------------------------

--
-- Cấu trúc bảng cho bảng `chitietdonhang`
--

CREATE TABLE `chitietdonhang` (
  `id` int(11) NOT NULL,
  `donhang_id` int(11) NOT NULL,
  `mypham_id` int(11) NOT NULL,
  `dongia` float NOT NULL DEFAULT '0',
  `soluong` int(11) NOT NULL DEFAULT '1',
  `thanhtien` float NOT NULL DEFAULT '0'
) ENGINE=InnoDB DEFAULT CHARSET=utf8;

--
-- Đang đổ dữ liệu cho bảng `chitietdonhang`
--

INSERT INTO `chitietdonhang` (`id`, `donhang_id`, `mypham_id`, `dongia`, `soluong`, `thanhtien`) VALUES
(1, 2, 19, 135000, 1, 135000),
(2, 2, 2, 175000, 1, 175000),
(3, 3, 31, 410000, 1, 410000),
(4, 3, 10, 210000, 2, 420000),
(6, 6, 26, 75000, 1, 75000),
(7, 6, 18, 239000, 1, 239000),
(8, 6, 28, 160000, 1, 160000),
(9, 7, 19, 135000, 1, 135000),
(10, 8, 2, 175000, 2, 350000),
(11, 8, 28, 160000, 2, 320000),
(12, 9, 25, 165000, 2, 330000),
(13, 10, 22, 150000, 1, 150000),
(14, 10, 28, 160000, 2, 320000),
(15, 11, 7, 320000, 2, 640000),
(16, 11, 29, 490000, 1, 490000),
(17, 11, 28, 160000, 1, 160000),
(18, 11, 14, 45000, 2, 90000),
(19, 12, 8, 139000, 2, 278000),
(20, 12, 14, 45000, 1, 45000),
(21, 12, 15, 160000, 2, 320000),
(22, 12, 20, 175000, 1, 175000),
(23, 13, 26, 75000, 2, 150000),
(24, 13, 15, 160000, 2, 320000),
(25, 14, 19, 135000, 1, 135000),
(26, 14, 20, 175000, 2, 350000),
(27, 15, 2, 175000, 2, 350000),
(28, 16, 23, 255000, 1, 255000),
(29, 16, 25, 165000, 2, 330000),
(30, 19, 25, 165000, 1, 165000),
(32, 23, 30, 410000, 1, 410000),
(33, 23, 25, 165000, 1, 165000),
(34, 24, 14, 45000, 2, 90000),
(35, 24, 11, 54000, 1, 54000),
(36, 25, 30, 410000, 2, 820000),
(37, 25, 6, 420000, 1, 420000);

-- --------------------------------------------------------

--
-- Cấu trúc bảng cho bảng `diachi`
--

CREATE TABLE `diachi` (
  `id` int(11) NOT NULL,
  `nguoidung_id` int(11) NOT NULL,
  `diachi` varchar(255) NOT NULL,
  `macdinh` tinyint(4) NOT NULL DEFAULT '1'
) ENGINE=InnoDB DEFAULT CHARSET=utf8;

--
-- Đang đổ dữ liệu cho bảng `diachi`
--

INSERT INTO `diachi` (`id`, `nguoidung_id`, `diachi`, `macdinh`) VALUES
(3, 12, 'Châu đóc', 1),
(4, 13, 'Tịnh Biên', 1),
(7, 1, 'Châu đốc', 1),
(8, 16, 'Phú Hoà', 1),
(9, 17, 'kkkkk', 1),
(10, 19, 'Ấp Đông An, Thoại Sơn', 1),
(11, 19, 'Châu đốc', 1),
(12, 19, 'Ấp Tây Bình A, xã Vĩnh Chánh, huyện Thoại Sơn, tỉnh An Giang', 1),
(13, 7, 'Mỹ Xuyên, Long Xuyên, An Giang', 1),
(14, 22, 'Thi Trấn Núi Sập, Thoại Sơn, An Giang', 1),
(15, 26, 'Mỹ Thới, Long Xuyên, An Giang', 1),
(16, 26, 'Long Xuyên, An Giang', 1),
(17, 28, 'Bình Khánh, Long Xuyên', 1),
(18, 28, 'Bình Khánh, LX, AG', 1),
(19, 28, 'Bình Khánh, LX, AG', 1),
(20, 28, 'Bình Khánh, LX, AG', 1),
(21, 28, 'Mỹ Bĩnh, Long Xuyên', 1),
(24, 29, 'Chợ mới', 1),
(25, 4, 'An Giang', 1),
(26, 4, 'An Giang', 1);

-- --------------------------------------------------------

--
-- Cấu trúc bảng cho bảng `donhang`
--

CREATE TABLE `donhang` (
  `id` int(11) NOT NULL,
  `nguoidung_id` int(11) NOT NULL,
  `diachi_id` int(11) DEFAULT NULL,
  `ngay` datetime NOT NULL DEFAULT CURRENT_TIMESTAMP,
  `tongtien` float NOT NULL DEFAULT '0',
  `ghichu` varchar(255) DEFAULT NULL,
  `trangthai` tinyint(6) NOT NULL DEFAULT '0'
) ENGINE=InnoDB DEFAULT CHARSET=utf8;

--
-- Đang đổ dữ liệu cho bảng `donhang`
--

INSERT INTO `donhang` (`id`, `nguoidung_id`, `diachi_id`, `ngay`, `tongtien`, `ghichu`, `trangthai`) VALUES
(2, 12, 3, '2021-12-18 22:18:44', 310000, NULL, 3),
(3, 13, 4, '2021-12-18 22:22:09', 830000, NULL, 4),
(6, 1, 7, '2021-12-19 23:06:18', 474000, NULL, 3),
(7, 16, 8, '2021-12-19 23:08:40', 135000, NULL, 3),
(8, 17, 9, '2021-12-19 23:48:16', 670000, NULL, 2),
(9, 19, 10, '2021-12-21 10:47:09', 330000, NULL, 5),
(10, 19, 11, '2021-12-21 14:18:19', 470000, NULL, 5),
(11, 19, 12, '2021-12-23 16:30:22', 1380000, 'Shop nhớ đóng gói cẩn thận nhe', 2),
(12, 7, 13, '2021-12-23 21:26:56', 818000, '', 3),
(13, 22, 14, '2021-12-24 14:08:38', 470000, 'Giao nhanh cho e nha', 1),
(14, 26, 15, '2021-12-24 14:34:38', 485000, 'gọi ko đc thig gọi số này 0346111233', 0),
(15, 26, 16, '2021-12-24 15:16:01', 350000, 'đóng gói kỹ', 1),
(16, 28, 17, '2021-12-28 12:47:14', 585000, 'Đóng gói kỹ', 0),
(19, 28, 20, '2021-12-28 15:34:02', 165000, '', 3),
(23, 29, 24, '2021-12-28 23:19:46', 575000, 'k', 0),
(24, 4, 25, '2021-12-30 12:39:04', 144000, '', 5),
(25, 4, 26, '2021-12-30 13:30:04', 1240000, '', 3);

-- --------------------------------------------------------

--
-- Cấu trúc bảng cho bảng `loaimypham`
--

CREATE TABLE `loaimypham` (
  `id` int(11) NOT NULL,
  `tenloai` varchar(255) NOT NULL
) ENGINE=InnoDB DEFAULT CHARSET=utf8;

--
-- Đang đổ dữ liệu cho bảng `loaimypham`
--

INSERT INTO `loaimypham` (`id`, `tenloai`) VALUES
(1, 'Tẩy trang'),
(2, 'Sữa rửa mặt'),
(3, 'Kem dưỡng mắt'),
(4, 'Kem chống nắng');

-- --------------------------------------------------------

--
-- Cấu trúc bảng cho bảng `mypham`
--

CREATE TABLE `mypham` (
  `id` int(11) NOT NULL,
  `tenmypham` varchar(255) NOT NULL,
  `mota` text,
  `giagoc` float NOT NULL DEFAULT '0',
  `giaban` float NOT NULL DEFAULT '0',
  `soluongton` int(11) NOT NULL DEFAULT '0',
  `hinhanh` varchar(255) DEFAULT NULL,
  `luotxem` int(11) NOT NULL DEFAULT '0',
  `luotmua` int(11) NOT NULL DEFAULT '0',
  `loaimypham_id` int(11) NOT NULL,
  `thuonghieu_id` int(11) NOT NULL
) ENGINE=InnoDB DEFAULT CHARSET=utf8;

--
-- Đang đổ dữ liệu cho bảng `mypham`
--

INSERT INTO `mypham` (`id`, `tenmypham`, `mota`, `giagoc`, `giaban`, `soluongton`, `hinhanh`, `luotxem`, `luotmua`, `loaimypham_id`, `thuonghieu_id`) VALUES
(1, 'Sữa rửa mặt Simple Refreshing Facial Wash', '<p>Sửa rửa mặt</p>\r\n', 70000, 85000, 100, 'images/2-simple.png', 91, 8, 2, 4),
(2, 'Dầu Tẩy Trang Chuyên Sâu Kracie Naive', '<h4 style=\"text-align:center\"><strong>Dầu Tẩy Trang Chuy&ecirc;n S&acirc;u Kracie Naive 250ml</strong></h4>\r\n\r\n<p>Dầu tẩy trang&nbsp;Kracie Naive với sự kết hợp chiết xuất tự nhi&ecirc;n gồm dầu olive v&agrave; chiết xuất hạt hoa hướng dương, vừa mang lại hiệu quả l&agrave;m sạch s&acirc;u lớp trang điểm l&igrave; lợm, vừa cấp ẩm để da mượt m&agrave;, mềm mại với c&ocirc;ng thức dịu nhẹ, th&iacute;ch hợp với mọi loại da.</p>\r\n\r\n<p><strong>Kracie Naive - Tẩy trang dịu nhẹ cả lớp trang điểm &quot;cứng đầu&quot;</strong></p>\r\n\r\n<h4><img alt=\"Dầu tẩy trang chuyên sâu Kracie Naive 250ml\" src=\"https://japana.vn/uploads/detail/2019/01/images/dau-tay-trang-chuyen-sau-kracie-naive-250ml-sieu-thi-nhat-ban-japana-2343.jpg\" style=\"height:450px; width:800px\" /></h4>\r\n\r\n<p><strong>Điểm nổi bật của&nbsp;dầu tẩy trang chuy&ecirc;n s&acirc;u Kracie Naive:</strong></p>\r\n\r\n<ul>\r\n	<li>Hạt hướng dương v&agrave; oiive - Dầu tự nhi&ecirc;n th&acirc;n thiện với l&agrave;n da</li>\r\n</ul>\r\n\r\n<p>Sự kết hợp của dầu olive gi&agrave;u ẩm v&agrave; chiết xuất hoa hướng dương cho bạn dễ d&agrave;ng tẩy sạch mọi bụi bẩn, lớp make-up l&igrave; lợm, son l&igrave; hay mascara kh&ocirc;ng hề g&acirc;y cay mắt, kh&ocirc; da​.</p>\r\n\r\n<p>Mang t&ecirc;n dầu tẩy trang nhưng kết cấu của Kracie Naive kh&ocirc;ng g&acirc;y nhờn d&iacute;nh, m&agrave; lỏng v&agrave; nhẹ như nước, kh&ocirc;ng hương liệu, kh&ocirc;ng cồn hay parabens n&ecirc;n cực kỳ th&acirc;n thiện v&agrave; nhẹ dịu với n&agrave;ng da dầu, da kh&ocirc; hay cả với&nbsp;da nhạy cảm.​</p>\r\n\r\n<ul>\r\n	<li>Kracie - Mang vẻ đẹp tự nhi&ecirc;n cho l&agrave;n da bạn</li>\r\n</ul>\r\n\r\n<p>Kracie thuộc thương hiệu mỹ phẩm to&agrave;n cầu Kanebo, với phương ch&acirc;m mang đến vẻ đẹp tự nhi&ecirc;n từ những th&agrave;nh phần an to&agrave;n v&agrave; l&agrave;nh t&iacute;nh, thương hiệu đ&atilde; mang đến d&ograve;ng chăm s&oacute;c da c&oacute; chiết xuất từ thi&ecirc;n nhi&ecirc;n, được ph&aacute;i đẹp Nhật v&agrave; nhiều nước y&ecirc;u th&iacute;ch tr&ecirc;n thế giới.</p>\r\n\r\n<h4><img alt=\"Shiseido là thương hiệu yêu thích của diễn viên Tuyền Mập và 2 hoa hậu Kiều Ngân, Diễm Hương\" src=\"https://japana.vn/uploads/detail/2018/11/images/Di%E1%BB%85n%20vi%C3%AAn%20Tuy%E1%BB%81n%20M%E1%BA%ADp%2C%20hoa%20h%E1%BA%ADu%20Ki%E1%BB%81u%20Ng%C3%A2n%20v%C3%A0%20Di%E1%BB%85m%20H%C6%B0%C6%A1ng(6).jpg\" style=\"height:631px; width:800px\" /></h4>\r\n\r\n<p><em>Japana l&agrave; thương hiệu y&ecirc;u th&iacute;ch của diễn vi&ecirc;n Tuyền Mập v&agrave; 2 hoa hậu Kiều Ng&acirc;n, Diễm Hương</em></p>\r\n\r\n<p><strong>C&ocirc;ng dụng của dầu tẩy trang chuy&ecirc;n s&acirc;u Kracie Naive:</strong></p>\r\n\r\n<p>- L&agrave;m sạch lớp nền make-up l&igrave; lợm, mascara, eyeliner kh&ocirc;ng thấm nước hay phấn nền, bụi bẩn.</p>\r\n\r\n<p>- Th&agrave;nh phần từ thi&ecirc;n nhi&ecirc;n kh&ocirc;ng g&acirc;y kh&ocirc; da hay cay mắt.</p>\r\n\r\n<p>- Kh&ocirc;ng chứa chất g&acirc;y k&iacute;ch ứng, kh&ocirc;ng l&agrave;m mỏng da, nhẹ dịu với cả với l&agrave;n da nhạy cảm.</p>\r\n\r\n<p>- M&ugrave;i hương olive tự nhi&ecirc;n nhẹ nh&agrave;ng, cho bạn thư gi&atilde;n, thoải m&aacute;i khi sử dụng.</p>\r\n\r\n<h4><img alt=\"Dầu tẩy trang chuyên sâu Kracie Naive \" src=\"https://japana.vn/uploads/detail/2019/01/images/dau-tay-trang-chuyen-sau-kracie-naive-250ml-sieu-thi-nhat-ban-japana-23.jpg\" /></h4>\r\n\r\n<p><strong>Th&agrave;nh phần c&oacute; trong&nbsp;dầu tẩy trang chuy&ecirc;n s&acirc;u Kracie Naive:</strong></p>\r\n\r\n<p>Dầu olive, dầu hạt hoa hướng dương, nước, paraffinum liquidum, ethylhexyl palrbnitate,...</p>\r\n\r\n<p><strong>Hướng dẫn sử dụng dầu tẩy trang:</strong></p>\r\n\r\n<p>- Bước 1: Lấy một lượng vừa đủ dầu tẩy trang ra tay (khoảng 3 - 4 lần ấn v&ograve;i xịt).</p>\r\n\r\n<p>- Bước 2: Thoa đều l&ecirc;n khu&ocirc;n mặt theo chiều xoắn ốc.</p>\r\n\r\n<p>- Bước 3: Rửa lại mặt bằng nước cho thật sạch.</p>\r\n\r\n<p><strong>Lưu &yacute;:</strong></p>\r\n\r\n<p>- Kh&ocirc;ng để gần tầm tay trẻ nhỏ.</p>\r\n\r\n<p>- Đậy k&iacute;n nắp chai sau khi sử dụng xong.</p>\r\n\r\n<p><strong>C&aacute;ch bảo quản:</strong></p>\r\n\r\n<p>- Để nơi tho&aacute;ng m&aacute;t, kh&ocirc; r&aacute;o.</p>\r\n\r\n<p>- Tr&aacute;nh tiếp x&uacute;c nhiệt độ cao hay &aacute;nh nắng trực tiếp.</p>\r\n', 160000, 175000, 100, 'images/t2.jpg', 47, 50, 1, 4),
(3, 'Sữa Rửa Mặt Kiehl’s Calendula', '', 150000, 180000, 100, 'images/2-kiel\'s.jpg', 40, 5, 2, 3),
(4, 'Gel Dưỡng Da Vùng Mắt Bioderma', '<p><strong>Gel Dưỡng Da V&ugrave;ng Mắt Bioderma Sensibio Eye Contour Gel (15ml)</strong></p>\r\n\r\n<p>&nbsp;</p>\r\n\r\n<p><img alt=\"\" src=\"https://nuty.vn/wp-content/uploads/2020/10/img-9176-1440x960-300x200.jpg\" style=\"height:400px; width:600px\" /></p>\r\n\r\n<p>&nbsp;</p>\r\n\r\n<p>C&aacute;c n&agrave;ng c&oacute; đ&ocirc;i mắt &ldquo;c&uacute; vọ&rdquo;, quầng th&acirc;m v&igrave; thức khuya hẳn sẽ lu&ocirc;n &ldquo;t&iacute;ch trữ&rdquo; cho m&igrave;nh v&agrave;i loại kem dưỡng mắt trong t&uacute;i đồ mỹ phẩm rồi n&egrave;. Vậy c&aacute;c n&agrave;ng c&oacute; biết đến sản phẩm đến từ &ldquo;gia đ&igrave;nh&rdquo; quen thuộc Bioderma &ndash; em Gel dưỡng da v&ugrave;ng mắt Bioderma Sensibio Eye chưa nhỉ? Nếu chưa, h&atilde;y c&ugrave;ng m&igrave;nh l&agrave;m quen qua b&agrave;i viết dưới đ&acirc;y nh&eacute; ^^</p>\r\n\r\n<p>Cũng như c&aacute;c sản phẩm kh&aacute;c của nh&agrave; Bioderma, c&aacute;c đ&aacute;nh gi&aacute; chung trong b&agrave;i viết về kem mắt Bioderma review l&agrave; Bioderma Sensibio Eye Contour Gel c&oacute; độ l&agrave;nh t&iacute;nh, ph&ugrave; hợp với mọi loại da, gi&aacute; th&agrave;nh cũng ph&ugrave; hợp với &ldquo;v&iacute; tiền&rdquo; của hầu hết mọi lứa tuổi.</p>\r\n\r\n<p>Bảng th&agrave;nh phần của Sensibio Eye Contour Gel nhận được &ldquo;cơn mưa&rdquo; lời khen v&igrave; hầu hết c&aacute;c hoạt chất được lựa chọn đều l&agrave;nh t&iacute;nh v&agrave; nhắm đến mục ti&ecirc;u l&agrave; điều trị tất cả c&aacute;c dấu hiệu l&atilde;o h&oacute;a, kh&ocirc; v&agrave; nhạy cảm cho v&ugrave;ng da quanh mắt. Trong đ&oacute; phải kể đến như Caffeine &ndash; một &ldquo;thần dược&rdquo; th&acirc;n quen để loại bỏ bọng mắt; c&aacute;c hoạt chất dưỡng ẩm hiệu quả như glycerin, hyaluronic.</p>\r\n\r\n<p>Ngo&agrave;i ra, được nhắc đến nhiều nhất trong c&aacute;c b&agrave;i viết về Bioderma Sensibio Eye review c&ograve;n c&oacute; Tol&eacute;ridine &ndash; một th&agrave;nh phần mới lạ của nh&agrave; Bioderma đ&atilde; được đăng k&yacute; nh&atilde;n hiệu, c&oacute; đặc t&iacute;nh chống vi&ecirc;m, bảo vệ đ&ocirc;i mắt nhạy cảm khỏi c&aacute;c t&aacute;c động &ocirc; nhiễm m&ocirc;i trường, kh&iacute; hậu khắc nghiệt hoặc stress, thức khuya&hellip;</p>\r\n\r\n<p>C&aacute;c nhận x&eacute;t trong những b&agrave;i viết về Bioderma Sensibio Eye review đều khen ngợi khả năng cấp ẩm v&agrave; hiệu quả cải thiện đ&aacute;ng kể cho v&ugrave;ng da quanh mắt chỉ từ 3-4 tuần li&ecirc;n tục sử dụng. T&oacute;m lại, Gel dưỡng da v&ugrave;ng mắt Bioderma Sensibio Eye thực sự l&agrave; một loại kem mắt b&igrave;nh d&acirc;n đ&aacute;ng để c&aacute;c n&agrave;ng trải nghiệm đấy chứ!</p>\r\n\r\n<p>&nbsp;</p>\r\n\r\n<p><img alt=\"\" src=\"https://nuty.vn/wp-content/uploads/2020/10/73367ceb4bd889e9753f80467400cc1e-300x300.jpg\" style=\"height:600px; width:600px\" /></p>\r\n\r\n<p>&nbsp;</p>\r\n', 290000, 306000, 60, 'images/b1.png', 2302, 20, 3, 2),
(5, 'Gel Rửa Mặt Dành Cho Da Dầu Mụn Bioderma', '', 200000, 216000, 50, 'images/b2.png', 70, 2, 2, 2),
(6, 'Kem Chống Nắng Bioderma Photoderm', '<h4 style=\"text-align:center\"><strong>Kem Chống Nắng Bioderma Photoderm Max SPF 50+ Aquafluid Very High Protection</strong></h4>\r\n\r\n<p><img alt=\"\" src=\"https://nuty.vn/wp-content/uploads/2018/02/27747569-1846808421998756-6038557886137652230-o-1024x683.jpg\" style=\"height:534px; width:800px\" /></p>\r\n\r\n<p>Kem Chống Nắng Bioderma Photoderm Max SPF 50+ Aquafluid Very High Protection, m&oacute;n đồ kh&ocirc;ng thể thiếu trong t&uacute;i x&aacute;ch của bất cứ c&ocirc; n&agrave;ng n&agrave;o, gi&uacute;p bảo vệ l&agrave;n da khỏi bị ch&aacute;y nắng, đen sạm.</p>\r\n\r\n<p>Sản phẩm &aacute;p dụng c&ocirc;ng nghệ s&aacute;ng chế đặc biệt từ Bioderma với giải ph&aacute;p Cellular Bioprotection: C&oacute; khả năng bảo vệ da to&agrave;n diện trước t&aacute;c hại của tia UV, ngăn ngừa xuất hiện c&aacute;c đốm n&acirc;u, t&agrave;ng nhang, đồng thời k&iacute;ch th&iacute;ch khả năng &ldquo;tự&rdquo; ph&ograve;ng vệ của da dưới &aacute;nh nắng mặt trời.</p>\r\n\r\n<p><img alt=\"\" src=\"https://nuty.vn/wp-content/uploads/2018/02/bioderma-photoderm-max-05.jpg\" style=\"height:652px; width:510px\" /></p>\r\n\r\n<p>C&ocirc;ng thức Anti &ndash; shine gi&uacute;p sản phẩm thấm v&agrave;o da nhưng kh&ocirc;ng l&agrave;m b&oacute;ng nhờn, bết r&iacute;t bề mặt da.</p>\r\n\r\n<p>Chỉ số chống nắng SPF 50+ gi&uacute;p bảo vệ da trong suốt nhiều giờ đồng hồ, k&eacute;o d&agrave;i thời gian chơi đ&ugrave;a dưới nắng của c&aacute;c c&ocirc; n&agrave;ng. Đồng thời khả năng chống thấm nước gi&uacute;p c&aacute;c n&agrave;ng c&oacute; thể v&ocirc; tư mang theo em ấymỗi khi đi biển nh&eacute;. Ngo&agrave;i ra sản phẩm&nbsp;ph&ugrave; hợp với mọi loại da, kể cả với những l&agrave;n da nhạy cảm&nbsp;</p>\r\n\r\n<p>Em n&agrave;y c&oacute; chất kem mỏng nhẹ như sữa n&ecirc;n thấm v&agrave;o da cực nhanh, khi sử dụng c&oacute; thể&nbsp; n&acirc;ng nhẹ tone da l&ecirc;n 1 ch&uacute;t. Như vậy c&aacute;c bạn g&aacute;i vừa c&oacute; thể vừa chống nắng, da lại s&aacute;ng mịn th&ecirc;m 1 tone cho c&aacute;c bạn g&aacute;i tự tin hơn</p>\r\n', 385000, 420000, 119, 'images/b3.png', 2004, 451, 4, 2),
(7, 'Gel Rửa Mặt cho da dầu mụn Vichy Normaderm', '', 290000, 320000, 50, 'images/s1.jpg', 4, 0, 2, 4),
(8, 'Gel Rửa Mặt Chiết Xuất Tràm Trà ST.Ives Blemish', '', 100000, 139000, 50, 'images/s2.jpg', 6, 0, 2, 4),
(9, 'Gel Rửa Mặt Cosrx Good Morning Gel Cleanser', '', 156000, 180000, 50, 'images/s3.jpg', 1, 0, 2, 4),
(10, 'Gel Rửa Mặt Neutrogena Hydro Boost Exfoliating', '', 196000, 210000, 100, 'images/s4.jpg', 2, 0, 2, 4),
(11, 'Gel Rửa Mặt Senka Perfect Gel Gentle Wash', '', 45000, 54000, 99, 'images/s5.jpg', 301, 11, 2, 1),
(12, 'Kem Rửa Mặt Dưỡng Trắng Da Hada Labo', '<h4 style=\"text-align:center\"><strong>Kem Rửa Mặt Dưỡng Trắng Da Hada Labo Perfect White Arbutin Cleanser (80g)</strong></h4>\r\n\r\n<p>&nbsp;</p>\r\n\r\n<p>Với th&ocirc;ng điệp &ldquo;Da trắng ho&agrave;n hảo&rdquo;, bộ sản phẩm dưỡng trắng Hadalabo Perfect White mới mang đến giải ph&aacute;p cho l&agrave;n da trắng mịn &ndash; đều m&agrave;u- cấp ẩm s&acirc;u; để bạn c&oacute; thể tự tin sỡ hữu l&agrave;n da trắng mượt rạng rỡ.</p>\r\n\r\n<p>L&agrave;m sạch bụi bẩn, b&atilde; nhờn ẩn s&acirc;u trong lỗ ch&acirc;n l&ocirc;ng.</p>\r\n\r\n<p>L&agrave;m sạch lớp tế b&agrave;o chết.</p>\r\n\r\n<p>Dưỡng da trắng mượt vượt trội.</p>\r\n\r\n<p><img alt=\"\" src=\"https://nuty.vn/wp-content/uploads/2020/09/1e17035b057ac88df37fb6d207c57660-300x300.jpg\" style=\"height:600px; width:600px\" /></p>\r\n\r\n<p>&nbsp;</p>\r\n\r\n<p>Kem rửa mặt dưỡng trắng Hada Labo Perfect White gi&uacute;p bạn rửa sạch da một c&aacute;ch dịu nhẹ, dưỡng da trắng mịn, ẩm mượt:</p>\r\n\r\n<p>+ C&ocirc;ng nghệ Amino Acid gi&uacute;p da sạch s&acirc;u, nhẹ nh&agrave;ng rửa sạch bụi bẩn, b&atilde; nhờn, tế b&agrave;o chết&hellip; ẩn s&acirc;u trong lỗ ch&acirc;n l&ocirc;ng, m&agrave; vẫn &ecirc;m dịu với da so với c&aacute;c sản phẩm rửa mặt chứa hệ x&agrave; ph&ograve;ng.</p>\r\n\r\n<p>+ Arbutin tinh khiết ức chế sự h&igrave;nh th&agrave;nh &amp; ph&acirc;n t&aacute;n hắc tố Melanin từ s&acirc;u trong biểu b&igrave; nguy&ecirc;n nh&acirc;n g&acirc;y sạm n&aacute;m, t&agrave;n nhang &amp; đốm n&acirc;u, đồng thời bảo vệ da khỏi t&aacute;c hại của tia UV</p>\r\n\r\n<p>+ Vitamin C v&agrave; E tăng cường khả năng chống oxy h&oacute;a, dưỡng trắng c&aacute;c v&ugrave;ng da sậm m&agrave;u, cho sắc da đều m&agrave;u rạng rỡ</p>\r\n\r\n<p>+ HA v&agrave; nano HA cung cấp độ ẩm to&agrave;n diện cho c&aacute;c lớp biểu b&igrave;, t&aacute;i tạo cấu tr&uacute;c đ&agrave;n hồi cho l&agrave;n da ẩm mượt</p>\r\n\r\n<p>+ Hạt &Yacute; Dĩ cho da mềm mịn</p>\r\n', 43000, 55000, 100, 'images/s6.png', 51, 1, 2, 7),
(13, 'Kem Rửa Mặt Dưỡng Ẩm Tối Ưu Hada Labo', '', 45000, 55000, 100, 'images/s7.png', 1, 0, 2, 7),
(14, 'Kem Rửa Mặt Trị Thâm – Ngừa Mụn Acnes', '', 33000, 45000, 98, 'images/s8.jpg', 10, 1, 2, 4),
(15, 'Sáp Rửa Mặt Cosmedia Lemon Stick', '<h2>S&aacute;p Rửa Mặt Secret Key Lemon Sparkling Stick Cleanser</h2>\r\n\r\n<p>S&aacute;p Rửa Mặt Secret Key Lemon Sparkling Stick Cleanser&nbsp;c&oacute; dạng thỏi độc đ&aacute;o v&agrave; v&ocirc; c&ugrave;ng tiện lợi.</p>\r\n\r\n<p><img alt=\"\" src=\"https://nuty.vn/wp-content/uploads/2017/09/lemo-6.jpg\" style=\"height:800px; width:800px\" /></p>\r\n\r\n<h4>S&aacute;p rửa mặt Secret Key Lemon Sparkling Stick Cleanser mang lại 3 c&ocirc;ng dụng l&agrave;m sạch bề mặt da, l&agrave;m sạch s&acirc;u v&agrave; massage.</h4>\r\n\r\n<p>&nbsp;Đầu dạng s&aacute;p c&oacute; kết cấu mềm mại, dễ d&agrave;ng massage tr&ecirc;n da gi&uacute;p c&aacute;c dưỡng chất phủ đều khắp to&agrave;n bộ khu&ocirc;n mặt. Đặc biệt, sản phẩm được bổ sung c&aacute;c th&agrave;nh phần dưỡng chất tự nhi&ecirc;n c&oacute; lợi cho c&ocirc;ng cuộc chăm s&oacute;c da s&aacute;ng khỏe mỗi ng&agrave;y như:</p>\r\n\r\n<ul>\r\n	<li>&nbsp;Chiết xuất tinh dầu hoa hướng dương (64,8%) gi&uacute;p dưỡng ẩm v&agrave; cải thiện kết cấu da, đồng thời l&agrave;m chậm qu&aacute; tr&igrave;nh l&atilde;o h&oacute;a da.</li>\r\n	<li>Chiết xuất chanh gi&agrave;u vitamin C gi&uacute;p cải thiện những v&ugrave;ng da kh&ocirc;ng đều m&agrave;u, nu&ocirc;i dưỡng l&agrave;n da th&ecirc;m trắng s&aacute;ng.</li>\r\n	<li>Th&agrave;nh phần nước c&oacute; gas, chiết xuất c&acirc;y ch&ugrave;m ng&acirc;y (moringa) g&oacute;p phần loại bỏ ho&agrave;n to&agrave;n chất bẩn v&agrave; tạp chất tận s&acirc;u trong lỗ ch&acirc;n l&ocirc;ng, từ đ&oacute; hỗ trợ l&agrave;m thu nhỏ lỗ ch&acirc;n l&ocirc;ng cho da mịn m&agrave;ng hơn.</li>\r\n	<li>Tinh dầu jojoba c&oacute; nhiệm vụ dưỡng ẩm v&agrave; l&agrave;m mềm da.</li>\r\n</ul>\r\n\r\n<p>Mặc d&ugrave; sản phẩm c&oacute; dạng s&aacute;p nhưng khi thoa l&ecirc;n da sẽ nhanh ch&oacute;ng chuyển h&oacute;a th&agrave;nh dạng dầu tương tự như những sản phẩm dầu tẩy trang th&ocirc;ng thường. Đặc biệt, ngay khi bạn massage c&ugrave;ng với nước sản phẩm sẽ được nhũ h&oacute;a th&agrave;nh bọt si&ecirc;u mịn gi&uacute;p l&agrave;m sạch da ho&agrave;n hảo hơn.</p>\r\n\r\n<p>&nbsp;</p>\r\n\r\n<p>&nbsp;</p>\r\n\r\n<p><img alt=\"\" src=\"https://nuty.vn/wp-content/uploads/2017/09/lemo-3.png\" style=\"height:595px; width:703px\" /></p>\r\n\r\n<p>Trong khi đ&oacute; đầu cọ với chất liệu silicon mềm mại lại c&oacute; nhiệm vụ loại bỏ tế b&agrave;o chết, bụi bẩn v&agrave; tạp chất c&ograve;n s&oacute;t lại m&agrave; kh&ocirc;ng g&acirc;y tổn thương da. Đặc biệt những sợi silicon n&agrave;y gi&uacute;p massage thư gi&atilde;n da v&agrave; cải thiện lưu th&ocirc;ng tuần ho&agrave;n m&aacute;u. Từ đ&oacute; giảm nếp nhăn, chống l&atilde;o ho&aacute; da.</p>\r\n\r\n<p><img alt=\"\" src=\"https://nuty.vn/wp-content/uploads/2017/09/lemo-5.png\" style=\"height:595px; width:691px\" /></p>\r\n\r\n<p><img alt=\"\" src=\"https://nuty.vn/wp-content/uploads/2017/09/lemo-1024x683.jpg\" style=\"height:534px; width:800px\" /></p>\r\n\r\n<p><strong>Hướng dẫn sử dụng:</strong></p>\r\n\r\n<p>&ndash; Sử dụng tr&ecirc;n da kh&ocirc;. D&ugrave;ng đầu s&aacute;p massage to&agrave;n bộ khắp gương mặt để l&agrave;m sạch bụi bẩn, makeup.</p>\r\n\r\n<p>&ndash; Tiếp theo d&ugrave;ng đầu silicon massage để lấy sạch c&aacute;c bụi bẩn c&ograve;n s&oacute;t lại s&acirc;u trong lỗ ch&acirc;n l&ocirc;ng, hai b&ecirc;n c&aacute;nh mũi&hellip; đồng thời gi&uacute;p thư gi&atilde;n da.</p>\r\n\r\n<p>&ndash; Cuối c&ugrave;ng rửa lại bằng nước thật sạch.</p>\r\n', 149000, 160000, 100, 'images/s9.jpg', 50, 20, 2, 6),
(16, 'Dầu Tẩy Trang Biore Makeup Remover', '<h4 style=\"text-align:center\"><strong>Dầu Tẩy Trang Biore Makeup Remover (150ml)</strong></h4>\r\n\r\n<p>Dầu Tẩy Trang Biore Makeup Remover (150ml) &ndash; D&ograve;ng tẩy trang dạng dầu c&oacute; khả năng tẩy sạch mọi lớp bụi bẩn, cặn trang điểm kh&oacute; tr&ocirc;i cực kỳ hiệu quả.</p>\r\n\r\n<p><img alt=\"\" src=\"https://nuty.vn/wp-content/uploads/2017/11/dau-tay-trang-biore-150ml-1024x683.jpg\" style=\"height:534px; width:800px\" /></p>\r\n\r\n<p>Tr&agrave;o lưu tẩy trang bằng dầu xuất ph&aacute;t từ H&agrave;n Quốc v&agrave; đ&atilde; nhanh ch&oacute;ng lấy được l&ograve;ng giới l&agrave;m đẹp bởi khả năng l&agrave;m sạch s&acirc;u, kh&ocirc;ng g&acirc;y kh&ocirc; r&aacute;t, k&iacute;ch ứng da.</p>\r\n\r\n<p>Dầu Tẩy Trang Biore Makeup Remover (150ml) xuất với c&ocirc;ng thức vượt trội gi&uacute;p tẩy sạch lớp trang điểm d&agrave;y cộm một c&aacute;ch dễ d&agrave;ng ngay cả mascara kh&ocirc;ng tr&ocirc;i. Sản phẩm dễ d&agrave;ng h&ograve;a tan v&agrave; thấm s&acirc;u v&agrave;o da loại bỏ đi c&aacute;c bụi bẩn, b&atilde; thừa t&iacute;ch tụ g&acirc;y tắc nghẽn lỗ ch&acirc;n l&ocirc;ng v&agrave; kh&ocirc;ng g&acirc;y nhờn r&iacute;t da.</p>\r\n\r\n<p><img alt=\"\" src=\"https://nuty.vn/wp-content/uploads/2017/11/img-0583-1024x683.jpg\" style=\"height:534px; width:800px\" /></p>\r\n\r\n<p>Kết cấu sản phẩm lỏng, gần như l&agrave; nước gi&uacute;p dễ d&agrave;ng xoa l&ecirc;n&nbsp;da. Bạn c&oacute; thể d&ugrave;ng tay m&agrave; kh&ocirc;ng cần tới b&ocirc;ng tẩy trang. Đ&acirc;y sẽ l&agrave; điểm cộng to đ&ugrave;ng cho những bạn kh&ocirc;ng th&iacute;ch sử dụng b&ocirc;ng tẩy trang.</p>\r\n\r\n<p>Sản phẩm c&oacute; m&ugrave;i hương tr&aacute;i c&acirc;y sảng kho&aacute;i.</p>\r\n\r\n<p>Thiết kế bao b&igrave; xinh xắn m&agrave;u hồng t&iacute;m, trong suốt gi&uacute;p bạn kiểm so&aacute;t lượng sản phẩm c&ograve;n trong chai dễ d&agrave;ng. Dạng v&ograve;i xịt rất thuận tiện cho việc lấy sản phẩm v&agrave; vệ sinh k&egrave;m nắp đậy bằng nhựa chống tr&agrave;n sản phẩm.</p>\r\n\r\n<h4>Hướng dẫn sử dụng:</h4>\r\n\r\n<ul>\r\n	<li>Cho lượng dầu tẩy trang vừa đủ ra tay.</li>\r\n	<li>Xoa đều l&ecirc;n v&ugrave;ng da cần tẩy trang v&agrave; massage nhẹ nh&agrave;ng để sản phẩm h&ograve;a tan đều v&agrave; lấy đi lớp trang điểm một c&aacute;ch triệt để.</li>\r\n	<li>L&agrave;m sạch lại mặt với nước v&agrave; sữa rửa mặt. Kh&ocirc;ng d&ugrave;ng đến b&ocirc;ng tẩy trang.</li>\r\n</ul>\r\n', 133000, 145000, 100, 'images/t1.jpg', 6, 0, 1, 1),
(17, 'Dầu Tẩy Trang Ciracle Absolute Deep Cleansing', '<h4 style=\"text-align:center\"><strong>Dầu Tẩy Trang Ciracle Absolute Deep Cleansing Oil</strong></h4>\r\n\r\n<p>Dầu Tẩy Trang Ciracle Absolute Deep Cleansing Oil c&oacute; chiết xuất ch&iacute;nh từ dầu hạt tr&agrave; xanh. Gi&uacute;p tẩy sạch lớp makeup kh&oacute; tr&ocirc;i như kem nền, mascara v&agrave; c&aacute;c loại gel mắt dạng waterproof&hellip;&nbsp;<br />\r\nNgo&agrave;i khả năng l&agrave;m sạch diệu kỳ. Sản phẩm c&ograve;n gi&uacute;p da mềm mịn hơn, giảm bớt mọi cảm gi&aacute;c kh&ocirc; căng sau khi tẩy trang.&nbsp;</p>\r\n\r\n<p><img alt=\"\" src=\"https://nuty.vn/wp-content/uploads/2019/03/ciracle-cleansing-oil-ciracle.jpg\" style=\"height:800px; width:800px\" />&nbsp;</p>\r\n\r\n<p><strong>Th&agrave;nh phần &amp; t&aacute;c dụng ch&iacute;nh:&nbsp;</strong></p>\r\n\r\n<p>Chiết xuất từ tr&agrave; xanh: Th&agrave;nh phần l&agrave;nh t&iacute;nh v&agrave; thường được sử dụng trong c&aacute;c d&ograve;ng mỹ phẩm cao cấp. Nhờ v&agrave;o đặc t&iacute;nh chống oxy v&agrave; t&iacute;nh kh&aacute;ng khuẩn chống vi&ecirc;m tốt. Th&agrave;nh phần n&agrave;y kh&ocirc;ng những hỗ trợ cho việc l&agrave;m sạch hiệu quả hơn. M&agrave; c&ograve;n gi&uacute;p da lu&ocirc;n trong trạng th&aacute;i mềm mại v&agrave; đủ ẩm. Hạn chế mọi t&igrave;nh trạng kh&ocirc; căng, căng r&aacute;t sau khi tẩy trang.&nbsp;</p>\r\n\r\n<p>Gi&uacute;p l&agrave;m sạch tối ưu lớp make up, kể cả khi sử dụng c&aacute;c sản phẩm dạng waterproof. Đồng thời cuốn sạch mọi bụi bẩn, b&atilde; nhờn s&acirc;u trong lỗ ch&acirc;n l&ocirc;ng. Ngăn chặn khuẩn mụn gi&uacute;p da lu&ocirc;n sạch mịn v&agrave; s&aacute;ng b&oacute;ng.&nbsp;</p>\r\n\r\n<p>Đặc biệt th&iacute;ch hợp với c&aacute;c bạn da cực dầu, da hỗn hợp, bị mụn, da thường xuy&ecirc;n make up v&agrave; dễ bị mụn.</p>\r\n\r\n<p>&nbsp;</p>\r\n\r\n<p><img alt=\"\" src=\"https://nuty.vn/wp-content/uploads/2019/03/dau-tay-trang-ciracle-absolute-deep-cleansing-oil-1-1024x683.jpg\" style=\"height:534px; width:800px\" /></p>\r\n\r\n<p><strong>Kết cấu:&nbsp;</strong></p>\r\n\r\n<p>Sản phẩm c&oacute; kết cấu dạng dầu n&ecirc;n khi thao t&aacute;c rất nhẹ nh&agrave;ng. Kh&ocirc;ng g&acirc;y bất kỳ tổn thương n&agrave;o cho bề mặt da. Đặc biệt khi nhũ h&oacute;a xong, c&aacute;c bạn sẽ thấy sự thay đổi v&ocirc; c&ugrave;ng bất ngờ đấy.&nbsp;</p>\r\n\r\n<p><strong>Thiết kế:&nbsp;</strong></p>\r\n\r\n<p>Thiết kế trong 1 chai 300ml trong suốt. C&oacute; thể thấy được chất dầu m&agrave;u v&agrave;ng b&ecirc;n trong sản phẩm. B&ecirc;n cạnh đ&oacute; sản phẩm c&ograve;n c&oacute; thiết kế dạng Pump rất dễ lấy sản phẩm. Bằng c&aacute;ch n&agrave;y, c&aacute;c bạn c&oacute; thể kiểm so&aacute;t lượng sản phẩm mỗi khi sử dụng đấy nh&eacute;!&nbsp;</p>\r\n\r\n<p>&nbsp;</p>\r\n\r\n<p><img alt=\"\" src=\"https://nuty.vn/wp-content/uploads/2019/03/dau-tay-trang-ciracle-absolute-deep-cleansing-oil.jpg\" style=\"height:368px; width:400px\" /></p>\r\n\r\n<p><em><strong>Hướng dẫn sử dụng:&nbsp;</strong></em></p>\r\n\r\n<p>&ndash; Lấy một lượng dầu tẩy trang vừa đủ ra l&ograve;ng b&agrave;n tay (khoảng 2-3 lần nhấn n&uacute;t). Sau đ&oacute; massage nhẹ để tẩy sạch c&aacute;c lớp trang điểm rồi rửa sạch mặt lại với nước.</p>\r\n\r\n<p>&ndash; Sản phẩm c&oacute; thể sử dụng ngay cả khi gắn l&ocirc;ng mi giả.</p>\r\n', 264000, 280000, 50, 'images/t3.jpg', 75, 0, 1, 2),
(18, 'Dầu Tẩy Trang CLinique Deep Oil', '<h4 style=\"text-align:center\"><strong>Dầu Tẩy Trang CLinique Deep Oil&nbsp;</strong></h4>\r\n\r\n<p>Dầu tẩy trang CLinique Deep Cleansing Oil kh&ocirc;ng những c&oacute; khả năng &ldquo;cưa đổ&rdquo; c&aacute;c t&iacute;n đồ skincare ở Nhật m&agrave; ngay tại Việt Nam sản phẩm cũng được y&ecirc;u th&iacute;ch v&agrave; lu&ocirc;n hiện hữu trong t&uacute;i x&aacute;ch của c&aacute;c c&ocirc; n&agrave;ng beauty blogger nổi tiếng.</p>\r\n\r\n<p>Sản phẩm được chiết xuất từ dầu olive, vitamin E v&agrave; dầu hương thảo kh&ocirc;ng chỉ gi&uacute;p l&agrave;m sạch da mặt m&agrave; c&ograve;n cung cấp dinh dưỡng bảo vệ da khỏi c&aacute;c t&aacute;c nh&acirc;n xấu, gi&uacute;p ngăn ngừa l&atilde;o h&oacute;a, d&ugrave;ng được cho cả da mặt v&agrave; những v&ugrave;ng da mỏng xung quanh mắt.</p>\r\n\r\n<p><img alt=\"\" src=\"https://nuty.vn/wp-content/uploads/2021/04/9kcsia-simg-de2fe0-500x500-maxb.jpg\" style=\"height:500px; width:500px\" /></p>\r\n\r\n<p>&nbsp;</p>\r\n\r\n<p>Đồng thời DHC Deep Cleansing Oil c&ograve;n được đ&aacute;nh gi&aacute; cao bởi c&aacute;c t&aacute;c dụng vượt trội khiến n&agrave;ng n&agrave;o cũng phải &ldquo;t&acirc;m phục khẩu phục&rdquo; ngay từ lần đ&acirc;u ti&ecirc;n sử dụng:<br />\r\n&ndash; Gi&uacute;p tẩy sạch lớp trang điểm c&oacute; độ b&aacute;m cao v&agrave; chống thấm nước như son l&igrave;, mascara waterproof, kem nền, phấn phủ&hellip;<br />\r\n&ndash; Sản phẩm c&oacute; dạng dầu, dễ d&agrave;ng massage tr&ecirc;n da, nhanh ch&oacute;ng loại bỏ ho&agrave;n to&agrave;n lớp trang điểm, bụi bẩn, tạp chất s&acirc;u b&ecirc;n trong lỗ ch&acirc;n l&ocirc;ng để ngăn ngừa mụn xuất hiện.<br />\r\n&ndash; Nhẹ nh&agrave;ng lấy đi lớp tế b&agrave;o chết để da mịn m&agrave;ng, kh&ocirc;ng bị sần s&ugrave;i, th&ocirc; r&aacute;p.<br />\r\n&ndash; Cung cấp độ ẩm v&agrave; dưỡng chất cần thiết để da mềm mại, kh&ocirc;ng bị kh&ocirc; căng kh&oacute; chịu sau khi tẩy trang.</p>\r\n\r\n<p>Th&ecirc;m một điểm cộng nữa l&agrave; bảng th&agrave;nh phần của em ấy cực k&igrave; l&agrave;nh t&iacute;nh, kh&ocirc;ng hề chứa dầu kho&aacute;ng, chất bảo quản paraben hay chất tạo m&ugrave;i n&ecirc;n rất an to&agrave;n cho người sử dụng.</p>\r\n\r\n<p>Sản phẩm được thiết kế dạng v&ograve;i bơm kh&aacute; tiện lợi, mỗi chai c&ograve;n c&oacute; 1 chốt ở cổ v&ograve;i ấn để kho&aacute; lại, rất tiện khi mang đi du lịch.</p>\r\n\r\n<p>Em n&agrave;y ph&ugrave; hợp với mọi loại da kể cả những c&ocirc; n&agrave;ng c&oacute; l&agrave;n da nhạy cảm cứ y&ecirc;n t&acirc;m m&agrave; sử dụng nh&eacute;!</p>\r\n\r\n<p><img alt=\"\" src=\"https://nuty.vn/wp-content/uploads/2021/04/gd6eod-simg-d0daf0-800x1200-max.jpg\" style=\"height:420px; width:800px\" /></p>\r\n\r\n<p><strong>Hướng dẫn sử dụng:&nbsp;</strong></p>\r\n\r\n<p>&ndash; Nhớ l&agrave; bắt đầu với mặt kh&ocirc; v&agrave; tay kh&ocirc;.</p>\r\n\r\n<p>&ndash; Lấy 1 lượng dầu tẩy trang vừa đủ rồi nhẹ nh&agrave;ng massage tr&ecirc;n mặt.</p>\r\n\r\n<p>&ndash; Sau đ&oacute; mới l&agrave;m ướt tay bằng nước ấm v&agrave; tiếp tục massage để phần dầu tẩy trang tr&ecirc;n gương mặt chuyển sang dung dịch dạng sữa m&agrave;u trắng.</p>\r\n\r\n<p>&ndash; Cuối c&ugrave;ng l&agrave; rửa mặt lại bằng nước ấm v&agrave; lau kh&ocirc;.</p>\r\n', 215000, 239000, 100, 'images/t4.jpg', 118, 10, 1, 5),
(19, 'Dầu Tẩy Trang Kanebo Kaihl\'s Naive', '<h3 style=\"text-align:center\"><strong>Dầu Tẩy Trang Kanebo Kaihl&#39;s Naive Deep Cleansing Oil</strong></h3>\r\n\r\n<p>Dầu Tẩy Trang Kanebo Kracie Naive Deep Cleansing Oil dễ d&agrave;ng tẩy sạch bụi bẩn, lớp make-up, kể cả son l&igrave; hay mascara kh&ocirc;ng thấm nước một c&aacute;ch nhẹ nh&agrave;ng m&agrave; kh&ocirc;ng g&acirc;y cay mắt, kh&ocirc;ng l&agrave;m kh&ocirc; da.</p>\r\n\r\n<p><img src=\"https://nuty.vn/wp-content/uploads/2016/12/D%E1%BA%A7u-T%E1%BA%A9y-Trang-Kanebo-Kracie-Naive-Deep-Cleansing-Oil-1.jpg\" style=\"height:750px; width:800px\" /></p>\r\n\r\n<p>Với c&ocirc;ng thức l&agrave;m sạch, dưỡng ẩm si&ecirc;u nhẹ nh&agrave;ng từ dầu hạt Macadamia &ndash;&nbsp;Dầu Tẩy Trang Kanebo Kracie Naive Deep Cleansing Oil kh&ocirc;ng chỉ l&agrave;m sạch ho&agrave;n hảo m&agrave; c&ograve;n gi&uacute;p da lu&ocirc;n ở trạng th&aacute;i mịn m&agrave;ng, căng b&oacute;ng.</p>\r\n\r\n<p>Với chiết xuất từ c&aacute;c loại tinh dầu tự nhi&ecirc;n như dầu hạt macadamia, olive v&agrave; glycerin &ndash; Dầu tẩy trang Kanebo Kracie Naive Deep Cleansing Oil kh&ocirc;ng chỉ c&oacute; khả năng l&agrave;m sạch lớp makeup, bụi bẩn b&atilde; nhờn s&acirc;u trong lỗ ch&acirc;n l&ocirc;ng m&agrave; c&ograve;n gi&uacute;p cho khu&ocirc;n mặt l&uacute;c n&agrave;o cũng ở trạng th&aacute;i mềm mịn v&agrave; căng b&oacute;ng, giảm thiểu cảm gi&aacute;c kh&ocirc; căng sau khi được l&agrave;m sạch.</p>\r\n\r\n<p>Ưu điểm của sản phẩm n&agrave;y l&agrave; tẩy trang rất dịu nhẹ, kh&ocirc;ng l&agrave;m cay mắt, kh&ocirc;ng g&acirc;y kh&ocirc; da v&agrave; hầu như ph&ugrave; hợp hết với mọi loại da&hellip;V&agrave; nếu như đang t&igrave;m sản phẩm dầu tẩy trang với gi&aacute; b&igrave;nh d&acirc;n nhưng chất lượng cực ổn định th&igrave; đ&acirc;y quả l&agrave; một gợi &yacute; v&ocirc; c&ugrave;ng hợp l&yacute; c&aacute;c bạn nh&eacute;!</p>\r\n\r\n<p>Sản phẩm tuy dạng dầu nhưng kh&ocirc;ng hề nhờn d&iacute;nh, kết cấu lỏng nhẹ như nước nhưng vẫn c&oacute; một ch&uacute;t độ đặc vốn c&oacute; của dầu. Khi apply l&ecirc;n da rất nhẹ nh&agrave;ng, chỉ cần lướt nhẹ b&ocirc;ng tẩy trang l&agrave; đ&atilde; c&oacute; thể tẩy sạch lớp bụi bẩn, mascara, son l&igrave; v&agrave; kem nền kh&oacute; tr&ocirc;i, gi&uacute;p lỗ ch&acirc;n l&ocirc;ng được th&ocirc;ng tho&aacute;ng. Da vừa mịn m&agrave;ng lại vừa c&oacute; thể ngăn ngừa mụn đầu đen!!</p>\r\n\r\n<p>B&eacute; n&agrave;y c&oacute; thiết kế m&agrave;u xanh xanh cực kỳ m&aacute;t mắt, mang lại cảm gi&aacute;c v&ocirc; c&ugrave;ng tươi mới v&agrave; nhiều th&iacute;ch th&uacute; trong l&uacute;c sử dụng. Đặc biệt với dạng nắp đ&oacute;ng mở, với ưu điểm n&agrave;y c&aacute;c c&ocirc; g&aacute;i c&oacute; thể mang theo bất cứ đ&acirc;u m&agrave; kh&ocirc;ng sợ bị đổ hoặc tr&agrave;n sản phẩm ra ngo&agrave;i nh&eacute;.&nbsp;</p>\r\n\r\n<p><img alt=\"\" src=\"https://nuty.vn/wp-content/uploads/2016/12/dau-tay-trang-naive-1024x1024.jpg\" style=\"height:800px; width:800px\" /></p>\r\n\r\n<p style=\"text-align:center\"><img alt=\"\" src=\"https://nuty.vn/wp-content/uploads/2016/12/review-tay-trang-dhc-cua-nhat-2.jpg\" style=\"height:346px; width:519px\" /></p>\r\n\r\n<p>&mdash;&mdash;&mdash;&mdash;&mdash;&mdash;&mdash;&mdash;&mdash;&mdash;&mdash;&mdash;&mdash;&mdash;&mdash;&mdash;&mdash;&mdash;&mdash;&mdash;&mdash;&mdash;&mdash;&mdash;&mdash;-<br />\r\n<strong>Hướng dẫn sử dụng:&nbsp;</strong><br />\r\n&ndash; Lấy một lượng sản phẩm đủ d&ugrave;ng ra tay kh&ocirc;.<br />\r\n&ndash; Nhẹ nh&agrave;ng massage xoay tr&ograve;n từ trong ra ngo&agrave;i để ph&acirc;n tử dầu len lỏi v&agrave;o s&acirc;u trong da để lấy sạch bụi bẩn, cặn makeup.<br />\r\n&ndash; Thực hiện nhũ h&oacute;a rồi rửa lại với nước sạch. C&oacute; thể rửa lại với sữa rửa mặt cho sạch v&agrave; thực hiện c&aacute;c bước dưỡng da tiếp theo.</p>\r\n', 120000, 135000, 200, 'images/t5.jpg', 65, 45, 1, 3),
(20, 'Nước Tẩy Trang Dành Cho Da Dầu Bioderma Sebium', '<h4 style=\"text-align:center\"><strong>Nước Tẩy Trang D&agrave;nh Cho Da Dầu &amp; Hỗn Hợp Bioderma Sebium H20 Solution Micellaire (250ml)</strong></h4>\r\n\r\n<p><img alt=\"Kết quả hình ảnh cho Bioderma Sebium H20 Solution\" src=\"https://orchard.vn/wp-content/uploads/2018/08/tay-trang-Bioderma-Sebium-H2O-Cleansing-1.jpg\" style=\"height:800px; width:800px\" /></p>\r\n\r\n<p>Mỗi 8 gi&acirc;y c&oacute; 1 chai nước tẩy trang Sensibio của Bioderma được b&aacute;n ra tr&ecirc;n thế giới.&nbsp;Kh&ocirc;ng chỉ b&aacute;n chạy ở hiệu thuốc, c&aacute;c blog mỹ phẩm v&agrave; nhiều tạp ch&iacute; h&agrave;ng đầu Paris đều ngợi khen sản phẩm n&agrave;y.</p>\r\n\r\n<p>Nước tẩy trang Bioderma được cấu tạo bởi những hạt micelle nhỏ đến nỗi mắt thường kh&ocirc;ng nh&igrave;n thấy v&agrave; bao bọc bởi nước xung quanh lấy đi bụi bẩn, tế b&agrave;o chết, mỹ phẩm tr&ecirc;n da m&agrave; kh&ocirc;ng cần d&ugrave;ng chất tẩy rửa. kh&ocirc;ng g&acirc;y cảm gi&aacute;c b&oacute;ng nhờn khi sử dụng.</p>\r\n\r\n<p>Bioderma Sebium H20 Solution Micellaire l&agrave; d&ograve;ng tẩy trang d&agrave;nh cho da hỗn hợp &amp; da dầu với c&aacute;c th&agrave;nh phần như kẽm gluconate v&agrave; đồng sulphate, S&eacute;bium H2O l&agrave;m sạch da v&agrave; hạn chế sự tiết b&atilde; nhờn, ngăn chặn t&igrave;nh trạng b&iacute;t lỗ ch&acirc;n l&ocirc;ng v&agrave; h&igrave;nh th&agrave;nh mụn.</p>\r\n\r\n<p><img alt=\"Kết quả hình ảnh cho Bioderma Sebium H20 Solution Micellaire\" src=\"https://vn-live.slatic.net/original/94c323b09590353d2f3ce16a6bd78c3c.jpg\" /></p>\r\n\r\n<p><img alt=\"Kết quả hình ảnh cho tẩy trang Bioderma\" src=\"https://barbieshop.vn/wp-content/uploads/2019/07/page-54.jpg\" /></p>\r\n\r\n<p><strong>Ưu điểm</strong></p>\r\n\r\n<ul>\r\n	<li>Nhẹ nh&agrave;ng loại bỏ lớp trang điểm m&agrave; kh&ocirc;ng l&agrave;m kh&ocirc; da</li>\r\n	<li>L&agrave;m sạch da v&agrave; điều h&ograve;a lượng b&atilde; nhờn, ngăn ngừa mụn</li>\r\n	<li>Mang đến cảm gi&aacute;c tươi m&aacute;t ngay tức th&igrave;</li>\r\n	<li>Hương thơm nhẹ</li>\r\n	<li>Kh&ocirc;ng g&acirc;y dị ứng</li>\r\n	<li>Kh&ocirc;ng paraben</li>\r\n	<li>Kh&ocirc;ng g&acirc;y mụn</li>\r\n	<li>Kh&ocirc;ng chứa th&agrave;nh phần tạo m&agrave;u</li>\r\n	<li>Kh&ocirc;ng cần rửa lại nước</li>\r\n</ul>\r\n\r\n<p><strong>Hướng dẫn sử dụng:</strong></p>\r\n\r\n<ul>\r\n	<li>Đổ 3-4 giọt cho ướt b&ocirc;ng tẩy trang rồi nhẹ nh&agrave;ng d&ugrave;ng b&ocirc;ng tẩy trang lau nhẹ nh&agrave;ng l&ecirc;n mắt, m&ocirc;i v&agrave; c&aacute;c v&ugrave;ng kh&aacute;c của khu&ocirc;n mặt</li>\r\n	<li>Rửa lại bằng nước sạch hoặc bằng sữa rửa mặt nếu cần</li>\r\n	<li>Đậy nắp sau khi sử dụng</li>\r\n</ul>\r\n', 150000, 175000, 100, 'images/t6.png', 122, 0, 1, 2),
(21, 'Gel Rửa Mặt Tẩy Trang Senka Perfect', '<h4 style=\"text-align:center\"><strong>Gel Rửa Mặt Tẩy Trang Senka Perfect Clear Cleanse 2 Trong 1 (170ml)</strong></h4>\r\n\r\n<p>Gel Rửa Mặt Tẩy Trang Senka Perfect Clear Cleanse 2 Trong 1 170ml gi&uacute;p nhẹ nh&agrave;ng l&agrave;m sạch hiệu quả bụi bẩn, b&atilde; nhờn, dầu thừa, tế b&agrave;o da chết v&agrave; lớp trang điểm l&acirc;u tr&ocirc;i s&acirc;u b&ecirc;n trong lỗ ch&acirc;n l&ocirc;ng, mascara, son kem l&igrave; nhằm loại bỏ nguy&ecirc;n nh&acirc;n g&acirc;y sạm da, b&iacute;t tắc lỗ ch&acirc;n l&ocirc;ng g&acirc;y mụn.</p>\r\n\r\n<p><img alt=\"\" src=\"https://nuty.vn/wp-content/uploads/2021/04/4901872469833-gif-1024x1024.gif\" style=\"height:800px; width:800px\" /></p>\r\n\r\n<p><strong>Th&agrave;nh Phần Ch&iacute;nh V&agrave; C&ocirc;ng Dụng:</strong><br />\r\n&ndash; Gel rửa mặt tẩy trang dịu nhẹ, kh&ocirc;ng để lại cảm gi&aacute;c nhờn r&iacute;t, cung cấp độ ẩm gi&uacute;p cho l&agrave;n da sạch tho&aacute;ng, mềm mịn v&agrave; rạng rỡ.<br />\r\n&ndash; L&agrave;m sạch cả mascara v&agrave; kẻ mắt kh&ocirc;ng tr&ocirc;i, ph&ugrave; hợp khi nối mi.<br />\r\n&ndash; Kh&ocirc;ng cần d&ugrave;ng sữa rửa mặt, d&ugrave;ng được khi tay ướt.<br />\r\n&ndash; Chiết xuất Tơ Tằm Trắng kết hợp c&ugrave;ng Hyaluronic Acid v&agrave; Collagen gi&uacute;p ẩm mịn l&agrave;n da.<br />\r\n&ndash; Dịu nhẹ, m&ugrave;i hương hoa thơm m&aacute;t, kh&ocirc;ng cồn, kh&ocirc;ng dầu kho&aacute;ng.</p>\r\n\r\n<p><img alt=\"\" src=\"https://nuty.vn/wp-content/uploads/2021/04/untitled-1-2e2789b3fd444f67ba81a6f571103c3b-master-1024x1024.png\" style=\"height:800px; width:800px\" /></p>\r\n\r\n<p><strong>Hướng Dẫn Sử Dụng:</strong><br />\r\n&ndash; Lắc đều 5 lần trước khi sử dụng đến khi tạo th&agrave;nh lớp gel trước khi d&ugrave;ng.<br />\r\n&ndash; Lấy lượng sản phẩm vừa đủ nhẹ nh&agrave;ng massage tr&ecirc;n mặt kh&ocirc; để l&agrave;m sạch lớp trang điểm.<br />\r\n&ndash; Rửa sạch lại với nước kh&ocirc;ng cần d&ugrave;ng th&ecirc;m sữa rửa mặt.<br />\r\n&ndash; Hai lớp: dầu tẩy trang l&agrave;m sạch lớp trang điểm kh&ocirc;ng tr&ocirc;i v&agrave; tế b&agrave;o da chết. Gel tẩy trang h&ograve;a tan bụi bẩn b&atilde; nhờn s&acirc;u trong lỗ ch&acirc;n l&ocirc;ng.</p>\r\n', 118000, 150000, 200, 'images/gel.jpg', 505, 150, 1, 1),
(22, 'Gel Sữa Chống Nắng Shiseido Plus Senka', '<h4 style=\"text-align:center\">Gel Sữa Chống Nắng Shiseido Senka Perfect UV&nbsp;</h4>\r\n\r\n<p><img alt=\"\" src=\"https://nuty.vn/wp-content/uploads/2017/08/sen-2.jpg\" style=\"height:683px; width:800px\" />Gel Sữa Chống Nắng Shiseido Senka Perfect UV l&agrave; sản phẩm mới vừa được h&atilde;ng Shiseido tr&igrave;nh l&agrave;ng v&agrave;o năm 2017. Gel đ&oacute;ng vai tr&ograve; vừa cấp ẩm vừa bảo vệ da khỏi t&aacute;c hại của &aacute;nh nắng mặt trời.</p>\r\n\r\n<p>H&igrave;nh ảnh thực tế của Gel Sữa Chống Nắng Shiseido Senka Perfect UV khi về Việt Nam.</p>\r\n\r\n<p>Gel Sữa Chống Nắng Shiseido Senka</p>\r\n\r\n<p><strong>Sản phẩm c&oacute; những ưu điểm nổi trội như sau:</strong></p>\r\n\r\n<p>C&ocirc;ng thức được bổ sung gấp đ&ocirc;i Hyaluronic Acid duy tr&igrave; lớp m&agrave;ng dưỡng ẩm tự nhi&ecirc;n cho da. Từ đ&oacute; gi&uacute;p hạn chế t&igrave;nh trạng da kh&ocirc; căng sau mỗi lần sử dụng.</p>\r\n\r\n<p>Chiết xuất tơ tằm kh&ocirc;ng chỉ giữ ẩm tốt m&agrave; c&ograve;n gi&uacute;p bổ sung dưỡng chất nu&ocirc;i dưỡng da s&aacute;ng mịn.</p>\r\n\r\n<p>Chiết xuất từ phức hợp tinh chất tơ tằm thi&ecirc;n nhi&ecirc;n v&agrave; gấp đ&ocirc;i Hyaluronic acid tạo hiệu quả chống nắng ho&agrave;n hảo.<br />\r\nChỉ số chống nắng SPF 50/PA++++ bảo vệ da tối ưu trước tia UV c&oacute; hại.</p>\r\n\r\n<p>Điểm cộng lớn nhất của sản phẩm l&agrave; kết cấu dạng gel sữa mỏng nhẹ thấm nhanh tr&ecirc;n da. Do đ&oacute;, thoa gel l&ecirc;n kh&ocirc;ng nhờn r&iacute;t hay tắc lỗ ch&acirc;n l&ocirc;ng. Sản phẩm đảm bảo cung cấp đầy đủ độ ẩm cho da lu&ocirc;n tươi m&aacute;t, ẩm mịn.</p>\r\n\r\n<p>Sản phẩm d&agrave;nh cho cả mặt v&agrave; to&agrave;n th&acirc;n. Với khả năng chống nước, chống mồ h&ocirc;i hiệu quả, sản phẩm th&iacute;ch hợp d&ugrave;ng cho c&aacute;c hoạt động ngo&agrave;i trời.</p>\r\n\r\n<p><img alt=\"\" src=\"https://nuty.vn/wp-content/uploads/2017/08/sen-1-1024x683.jpg\" style=\"height:534px; width:800px\" /></p>\r\n\r\n<p><strong>Hướng dẫn sử dụng:</strong></p>\r\n\r\n<p>&ndash; Cho một lượng vừa đủ kem chống nắng v&agrave; chấm đều l&ecirc;n c&aacute;c điểm tr&ecirc;n da.</p>\r\n\r\n<p>&ndash; T&aacute;n đều ra v&agrave; vỗ nhẹ cho kem thấm v&agrave;o da hơn.</p>\r\n\r\n<p>&ndash; Tốt nhất n&ecirc;n b&ocirc;i trước 15-20 ph&uacute;t khi bạn chuẩn bị ra ngo&agrave;i để gel ph&aacute;t huy tối đa t&aacute;c dụng.</p>\r\n\r\n<p>&ndash; Thoa lại sau khi chơi thể thao, bơi lội, hoạt động mạnh g&acirc;y tiết nhiều mồ h&ocirc;i.</p>\r\n\r\n<p><img alt=\"\" src=\"https://nuty.vn/wp-content/uploads/2017/08/ka-2-782x1024.jpg\" style=\"height:709px; width:800px\" /></p>\r\n', 118000, 150000, 50, 'images/k2.png', 100, 24, 4, 1),
(23, 'Gel Dưỡng Mắt Clinique Moisture 1 Eye', '<h4 style=\"text-align:center\"><strong>Gel Dưỡng Mắt Clinique Moisture Surge Eye 96-Hour Hydro-Filler Concentrate (5ml)</strong></h4>\r\n\r\n<p>&nbsp;</p>\r\n\r\n<p><img alt=\"\" src=\"https://nuty.vn/wp-content/uploads/2021/10/clinique-moisture-surge-eye-96-1628954874-d178529f-progressive-283x300.jpg\" style=\"height:636px; width:600px\" /></p>\r\n\r\n<p>&nbsp;</p>\r\n\r\n<p>Clinique Moisture Surge Eye 96-Hour Hydro-Filler Concentrate l&agrave;&nbsp;gel dưỡng ẩm cho v&ugrave;ng mắt, th&iacute;ch hợp sử dụng hằng ng&agrave;y v&agrave; trước khi makeup.</p>\r\n\r\n<p>Ứng dụng c&ocirc;ng nghệ kh&ocirc;i phục m&agrave;ng ẩm tự nhi&ecirc;n của da với tinh chất bơ L&ocirc; Hội gi&agrave;u dưỡng, ngăn ngừa tối đa t&igrave;nh trạng mất nước ở da. Thao t&aacute;c massage chuyển động tr&ograve;n k&iacute;ch th&iacute;ch c&aacute;c hạt tinh thể capsule vỡ ra, giải ph&oacute;ng chất chống oxy h&oacute;a, giảm thiểu nếp nhăn v&agrave; c&aacute;c dấu hiệu tuổi t&aacute;c ở khu vực v&ugrave;ng mắt.&nbsp;</p>\r\n\r\n<p>&nbsp;</p>\r\n\r\n<p><img alt=\"\" src=\"https://nuty.vn/wp-content/uploads/2021/10/cliniqueye-02-300x297.jpg\" style=\"height:594px; width:600px\" /></p>\r\n\r\n<p>&nbsp;</p>\r\n\r\n<p>Chất gel nhẹ, trong suốt gi&uacute;p bạn cảm thấy cực kỳ thoải m&aacute;i v&agrave; dễ chịu khi sử dụng. Trong v&agrave;i ph&uacute;t, gel ho&agrave;n to&agrave;n được hấp thụ v&agrave;o v&ugrave;ng dưới mắt của bạn m&agrave; kh&ocirc;ng g&acirc;y cảm gi&aacute;c nhờn, r&iacute;t. T&aacute;c dụng dưỡng ẩm k&eacute;o d&agrave;i đến 96 giờ.&nbsp;</p>\r\n\r\n<p><strong>C&ocirc;ng dụng:</strong></p>\r\n\r\n<ul>\r\n	<li>Dưỡng ẩm v&agrave; chống nhăn v&ugrave;ng mắt</li>\r\n	<li>L&agrave;m mặt nạ thư gi&atilde;n v&ugrave;ng mắt trong 3 ph&uacute;t</li>\r\n	<li>C&oacute; thể sử dụng như kem l&oacute;t trước khi trang điểm</li>\r\n	<li>Giảm nhanh c&aacute;c triệu chứng sưng h&uacute;p kh&oacute; chịu</li>\r\n</ul>\r\n', 200000, 260000, 40, 'images/d1.png', 300, 90, 3, 5),
(24, 'Gel Dưỡng Mắt Cosmedica Eye', '<h4 style=\"text-align:center\"><strong>Gel Dưỡng Mắt Cosmedica Eye Treatment Brightening (15ml)</strong></h4>\r\n\r\n<p><img alt=\"\" src=\"https://nuty.vn/wp-content/uploads/2020/04/51vmqvdixyl-sl1500-1024x1024.jpg\" style=\"height:800px; width:800px\" /></p>\r\n\r\n<p>Gel Dưỡng Mắt Cosmedica Eye Treatment Brightening&nbsp;được c&aacute;c t&iacute;n đồ Skincare đ&oacute;n nhận nhờ sở hữu c&ocirc;ng dụng h&oacute;a giải h&agrave;ng loạt c&aacute;c vấn đề nan giải về v&ugrave;ng da mắt như: quầng th&acirc;m, bọng mắt v&agrave; nếp nhăn.</p>\r\n\r\n<p>+ Sản phẩm c&oacute; chứa th&agrave;nh phần Hyaluronic Acid gi&uacute;p cung cấp độ ẩm, nu&ocirc;i dưỡng l&agrave;n da mềm mịn, hạn chế sự h&igrave;nh th&agrave;nh nếp nhăn.</p>\r\n\r\n<p>+ Chiết xuất Vitamin C c&oacute; trong sản phẩm c&ograve;n gi&uacute;p l&agrave;m s&aacute;ng hiệu quả, hỗ trợ tăng cường tuần ho&agrave;n m&aacute;u, đồng thời l&agrave;m giảm thiểu t&igrave;nh trạng quầng th&acirc;m v&agrave; bọng mắt.</p>\r\n\r\n<p>+ Đặc biệt sản phẩm c&ograve;n chứa dầu hạt nho c&oacute; t&iacute;nh chống oxy h&oacute;a mạnh mẽ, gi&uacute;p v&ugrave;ng da mắt căng mướt v&agrave; hạn chế tối đa nếp nhăn v&agrave; quầng th&acirc;m.</p>\r\n\r\n<p>+ Sản phẩm c&oacute; kết cấu dạng gel nhẹ nh&agrave;ng, khi l&ecirc;n da lại thấm rất nhanh m&agrave; kh&ocirc;ng g&acirc;y bết d&iacute;nh hay tạo cảm gi&aacute;c nặng nề.</p>\r\n\r\n<p><img alt=\"Cosmedica Skincare, Brightening Eye Treatment, 0.5 oz (15 ml) - iHerb\" src=\"https://ugc-images.images-iherb.com/ugc/20190225/7ba120e0-f9bd-415c-9f2c-fa2fe0b2fe49/m.jpeg\" /></p>\r\n\r\n<p><em>N&oacute;i ch&uacute;ng d&ugrave;ng em n&agrave;y để &ldquo;đặc trị&rdquo; nếp nhăn v&ugrave;ng mắt, giảm sự xuất hiện của nếp nhăn, gi&uacute;p phục hồi độ đ&agrave;n hồi v&ugrave;ng da mắt l&agrave; cực kỳ tuyệt vời.&nbsp;</em></p>\r\n\r\n<p>&nbsp;</p>\r\n\r\n<p>&ndash; Th&agrave;nh phần: Thảo dược hữu cơ, L&aacute; l&ocirc; hội hữu cơ (Aloe), Glycolic Acid, Cassia Angustifolia Seed Polysaccharide (axit hyaluronic thực vật), Hydroxyethyl Cellulose, Carrageenan Gum, Natri ascorbyl Phosphate (Vitamin C) Dầu), Ganoderma Lucidum hữu cơ (Kojic Acid), Tocopheryl Acetate (Vitamin E), Natri Benzoate, Kali Sorbate, Ethyl Hexyl Glycerin.</p>\r\n\r\n<p>&nbsp;</p>\r\n\r\n<p>Hướng dẫn sử dụng:<br />\r\n&ndash; Sử dụng sau khi l&agrave;m sạch da v&agrave; d&ugrave;ng trước kem dưỡng (kem dưỡng to&agrave;n mặt). D&ugrave;ng ng&oacute;n tay &aacute;p &uacute;t lấy lượng kem vừa đủ b&ocirc;i theo chiều từ trong hốc mắt ra ngo&agrave;i, kết hợp massage nhẹ chiều từ trong ra.<br />\r\n&ndash; Sử dụng đều đặn 2 lần/ ng&agrave;y v&agrave;o buổi s&aacute;ng v&agrave; tối để c&oacute; kết quả chăm s&oacute;c tốt nhất.</p>\r\n', 390000, 420000, 50, 'images/d2.jpg', 200, 50, 3, 6),
(25, 'Kem Dưỡng Mắt Simple Kind To Eyes', '<h4 style=\"text-align:center\"><strong>Kem dưỡng mắt Simple Kind To Eyes Soothing Eye Balm</strong></h4>\r\n\r\n<p>Đối với ph&aacute;i đẹp đ&ocirc;i mắt l&agrave; cửa sổ t&acirc;m hồn, l&agrave; điểm đầu ti&ecirc;n&hellip; &ldquo;tố c&aacute;o&rdquo; tuổi t&aacute;c của họ. Sở hữu lớp da mỏng manh, bởi thế m&agrave; những vết rạn ch&acirc;n chim, quầng th&acirc;m hay dấu hiệu mệt mỏi của tuổi 30 lu&ocirc;n khiến rất nhiều qu&yacute; c&ocirc; lo lắng v&agrave; t&igrave;m c&aacute;ch che giấu. Đ&oacute; l&agrave; l&yacute; do tại sao b&ecirc;n cạnh kem dưỡng ẩm hay toner, b&agrave;n trang điểm của họ c&ograve;n c&oacute; th&ecirc;m lọ kem dưỡng mắt.</p>\r\n\r\n<p>‪#&lrm;Nuty‬&nbsp;xin giới thiệu cho bạn sản phẩm kem dưỡng da mắt Simple Kind To Eyes Soothing Eye Balm gi&uacute;p bạn bảo vệ v&agrave; chăm s&oacute;c tốt nhất cho đ&ocirc;i mắt của bạn.</p>\r\n\r\n<p>Kem dưỡng mắt Simple c&oacute; chứa c&aacute;c Vitamin tổng hợp, Jojoba oil , Shea Butter gi&uacute;p nu&ocirc;i dưỡng v&ugrave;ng da quanh mắt, c&ugrave;ng điểm qua c&aacute;c th&agrave;nh phần v&agrave; c&ocirc;ng dụng của ch&uacute;ng nhen:</p>\r\n\r\n<p><em>&ndash;</em>Pro- Vitamin B5 t&aacute;i tạo tế b&agrave;o da mang lại cho bạn l&agrave;n da mới mịn m&agrave;ng v&agrave; mềm mại.<br />\r\n<em>&ndash;</em>Vitamin E moisturises c&oacute; t&aacute;c dụng ổn định c&aacute;c m&agrave;ng sinh học, t&aacute;i tạo v&agrave; phục hồi c&aacute;c tế b&agrave;o da bị hư tổn, gi&uacute;p l&agrave;m sạch v&agrave; kh&aacute;ng vi&ecirc;m hiệu quả.<br />\r\n<em>&ndash;</em>Dầu Jojoba gi&uacute;p l&agrave;m dịu v&agrave; bảo vệ da gi&uacute;p chống l&atilde;o h&oacute;a da v&agrave; nếp nhăn, nu&ocirc;i dưỡng v&agrave; bổ sung dưỡng chất Shea Butter khi tiếp x&uacute;c với da sẽ tự động thẩm thấu v&agrave;o trong, kh&ocirc;ng g&acirc;y cảm gi&aacute;c nhờn r&iacute;t, đồng thời k&iacute;ch th&iacute;ch hoạt động tế b&agrave;o, tuần ho&agrave;n m&aacute;u, l&agrave;m chậm qu&aacute; tr&igrave;nh l&atilde;o ho&aacute;, loại bỏ vẻ th&ocirc; r&aacute;p, sần s&ugrave;i l&acirc;u ng&agrave;y.</p>\r\n\r\n<h4><em><strong>Th&agrave;nh phần cấu tạo:</strong></em></h4>\r\n\r\n<p>Aqua, Glyceryl Stearate, Butyrospermum Parkii Butter, xyclometicon, Cetearyl Alcohol, PEG-100 Stearate, Polyacrylamide, Panthenol Simmondsia Chinensis dầu, C13-14 Isoparaffin, Tocopheryl Acetate, BHT, Bisabolol, Chlorhexidine Digluconate, Methylparaben, Laureth-7, Sodium Hyaluronate, Pantolactone, axit citric.</p>\r\n\r\n<p><em><strong>C&aacute;ch sử dụng:</strong></em><br />\r\n&ndash; Thoa một lượng vừa đủ l&ecirc;n v&ugrave;ng da quanh mắt.<br />\r\n&ndash; D&ugrave;ng ng&oacute;n &aacute;p &uacute;t massage v&agrave; vỗ nhẹ để da dễ d&agrave;ng hấp thụ dưỡng chất.</p>\r\n', 145000, 165000, 98, 'images/d3.png', 400, 41, 3, 4),
(26, 'Nước Tẩy Trang Simple Kind To Skin Micellar', '<h3 style=\"text-align:center\"><strong>Nước Tẩy Trang Simple Kind To Skin Micellar Cleansing Water</strong></h3>\r\n\r\n<p><img alt=\"\" src=\"https://nuty.vn/wp-content/uploads/2016/11/3-f90c4b5c57bc43c9aaf72c602818c480.jpg\" style=\"height:685px; width:685px\" /></p>\r\n\r\n<p>Simple l&agrave; một thương hiệu của Anh đ&atilde; qu&aacute; quen thuộc với c&aacute;c c&ocirc; n&agrave;ng m&ecirc; l&agrave;m đẹp thuộc mỹ phẩm drugstore nhưng an to&agrave;n v&agrave; hiệu quả của sản phẩm, m&agrave; gi&aacute; cả lại v&ocirc; c&ugrave;ng phải chăng.&nbsp;Kể từ khi ra mắt, nước tẩy trang Simple đ&atilde; lu&ocirc;n giữ vị tr&iacute; best seller của h&atilde;ng, sản phẩm được rất nhiều t&iacute;n đồ l&agrave;m đẹp tr&ecirc;n thế giới tin d&ugrave;ng v&igrave; khả năng l&agrave;m sạch cực đỉnh. Lớp makeup sẽ được lấy đi nhanh ch&oacute;ng m&agrave; kh&ocirc;ng hề g&acirc;y k&iacute;ch ứng cho da.</p>\r\n\r\n<p>Nước tẩy trang Simple Kind To Skin Micellar Cleansing Water&nbsp;được &aacute;p dụng c&ocirc;ng nghệ l&agrave;m sạch&nbsp;Micellar&nbsp;với sự g&oacute;p mặt của c&aacute;c ph&acirc;n tử Mixen c&oacute; khả năng hoạt động như nam ch&acirc;m từ t&iacute;nh gi&uacute;p nhẹ nh&agrave;ng h&uacute;t mọi bụi bẩn, b&atilde; nhờn v&agrave; lớp&nbsp;trang&nbsp;điểm b&aacute;m l&acirc;u tr&ecirc;n da m&agrave; kh&ocirc;ng cần phải ch&agrave; x&aacute;t qu&aacute; mạnh g&acirc;y tổn thương da.</p>\r\n\r\n<p><img alt=\"\" src=\"https://nuty.vn/wp-content/uploads/2016/11/nuoc-tay-trang-simple-kind-to-skin-micellar-cleansing-water-makeup-remover-test.jpg\" style=\"height:800px; width:800px\" /></p>\r\n\r\n<p>Da mụn, nhạy cảm chỉ cần t&igrave;m được cạ cứng vừa l&agrave;nh t&iacute;nh lại l&agrave;m sạch ho&agrave;n hảo như&nbsp;Nước Tẩy Trang Simple&nbsp;Kind To Skin Micellar Cleansing Water l&agrave; ho&agrave;n to&agrave;n y&ecirc;n t&acirc;m l&agrave;n da kh&ocirc;ng c&ograve;n cơ hội biểu t&igrave;nh nữa nh&eacute;. Đặc biệt với c&ocirc;ng thức gi&agrave;u vitamin v&agrave; kho&aacute;ng chất từ tự nhi&ecirc;n, cung cấp độ ẩm tức thời cho da v&igrave; vậy khi sử dụng sản phẩm bạn sẽ kh&ocirc;ng phải lo lắng l&agrave;n da bị kh&ocirc; căng.</p>\r\n\r\n<p>Kh&ocirc;ng chỉ bổ sung dưỡng chất cho da m&agrave; sản phẩm đảm bảo kh&ocirc;ng g&acirc;y k&iacute;ch ứng tr&ecirc;n da, kể cả những v&ugrave;ng nhạy cảm như mắt v&agrave; m&ocirc;i nhờ c&oacute; chiết xuất từ những th&agrave;nh phần tự nhi&ecirc;n l&agrave;nh t&iacute;nh.&nbsp;<br />\r\n&ndash; Chiết xuất hoa c&uacute;c La M&atilde; (matricaria) gi&uacute;p l&agrave;m dịu da v&agrave; chống oxy h&oacute;a<br />\r\n&ndash; Niacinamide (Vitamin B3) gi&uacute;p l&agrave;m mềm v&agrave; mướt da, đặc biệt ph&ugrave; hợp với da kh&ocirc;.&nbsp;<br />\r\n&ndash; Sodium Ascobyl Phosphate (vitamin C) gi&uacute;p chống oxy h&oacute;a.</p>\r\n\r\n<p>Nước&nbsp;tẩy&nbsp;trang&nbsp;dạng lỏng, kh&ocirc;ng cồn n&ecirc;n cực k&igrave; &ecirc;m dịu với l&agrave;n da, đặc biệt l&agrave; sau khi sử dụng kh&ocirc;ng để lại cảm gi&aacute;c nhờn d&iacute;nh.<br />\r\n&mdash;&mdash;&mdash;&mdash;&mdash;&mdash;&mdash;&mdash;&mdash;&mdash;&mdash;&mdash;&mdash;&mdash;&mdash;&mdash;&mdash;-<br />\r\n<strong>Hướng dẫn sử dụng:</strong><br />\r\n&ndash; Thấm dung dịch ra b&ocirc;ng&nbsp;tẩy&nbsp;trang&nbsp;cotton v&agrave; lau l&ecirc;n v&ugrave;ng da make up để ph&acirc;n tử&nbsp;micellar&nbsp;nhanh ch&oacute;ng lấy đi cặn&nbsp;trang&nbsp;điểm, bụi bẩn v&agrave; b&atilde; nhờn dưới da.<br />\r\n&ndash; L&agrave;m sạch da với sữa rửa mặt ph&ugrave; hợp, sau đ&oacute; tiếp tục c&aacute;c bước chăm s&oacute;c da h&agrave;ng ng&agrave;y.</p>\r\n', 50000, 75000, 30, 'images/t6.jpg', 49, 7, 1, 4);
INSERT INTO `mypham` (`id`, `tenmypham`, `mota`, `giagoc`, `giaban`, `soluongton`, `hinhanh`, `luotxem`, `luotmua`, `loaimypham_id`, `thuonghieu_id`) VALUES
(27, 'Sữa Rửa Mặt Simple Clear Skin Oil', '<h4 style=\"text-align:center\"><strong>Simple Clear Skin Oil Balancing Exfoliating Wash</strong></h4>\r\n\r\n<p>Sữa rửa mặt với các hạt tẩy tế b&agrave;o chết nhẹ dành ri&ecirc;ng cho làn da d&acirc;̀u, da nhạy cảm, da bị mụn với hiệu quả l&agrave;m sạch s&acirc;u những tạp ch&acirc;́t và bụi b&acirc;̉n tr&ecirc;n b&ecirc;̀ mặt da v&agrave; kiểm so&aacute;t lượng dầu tiết ra tr&ecirc;n l&agrave;n da m&agrave; hoàn toàn kh&ocirc;ng g&acirc;y kích ứng.<br />\r\nTuy c&oacute; t&aacute;c dụng dịu nhẹ nhưng em này lại c&oacute; thể lấy đi được bụi phấn trang điểm c&ograve;n s&oacute;t lại, l&agrave;m tho&aacute;ng lỗ ch&acirc;n l&ocirc;ng v&agrave; gi&uacute;p l&agrave;n da s&aacute;ng, mềm mại hơn.</p>\r\n\r\n<p><img alt=\"\" src=\"https://nuty.vn/wp-content/uploads/2016/07/simpleoilbalancing-1.jpg\" style=\"height:533px; width:800px\" /></p>\r\n\r\n<p>Với 3 chiết xuất chính lành tính, g&ocirc;̀m:<br />\r\n&rarr; Witch Hazel (c&acirc;y Phỉ) c&oacute; t&aacute;c dụng kh&aacute;ng khuẩn v&agrave; se kh&iacute;t lỗ ch&acirc;n l&ocirc;ng<br />\r\n&rarr; Zinc PCA l&agrave; c&aacute;c muối kẽm nhẹ nh&agrave;ng hấp thụ c&aacute;c lượng dầu dư thừa giữ độ ẩm cho da<br />\r\n&rarr; Pro-Vitamin B5 dưỡng da mềm mượt.<br />\r\n&rarr; KH&Ocirc;NG M&Agrave;U V&Agrave; M&Ugrave;I NH&Acirc;N TẠO, KH&Ocirc;NG C&Oacute; C&Aacute;C TH&Agrave;NH PHẦN KH&Ocirc;NG CẦN THIẾT g&acirc;y trở ngại cho da.</p>\r\n\r\n<p>Em này xứng đáng là sản ph&acirc;̉m chăm sóc t&ocirc;́t nh&acirc;́t cho da nhạy cảm.</p>\r\n\r\n<p><img alt=\"\" src=\"https://nuty.vn/wp-content/uploads/2016/07/simpleoilbalancing-2.png\" style=\"height:533px; width:800px\" /></p>\r\n\r\n<p>C&aacute;ch sử dụng:<br />\r\n&ndash; L&agrave;m ướt mặt, cho một lượng vừa đủ ra l&ograve;ng b&agrave;n tay v&agrave; tạo bọt.<br />\r\n&ndash; Thoa đều v&agrave; massage nhẹ nh&agrave;ng l&ecirc;n da.<br />\r\n&ndash; Sau đ&oacute; rửa lại bằng nước sạch.<br />\r\n&ndash; Sử dụng h&agrave;ng ng&agrave;y.</p>\r\n\r\n<p><img alt=\"\" src=\"https://nuty.vn/wp-content/uploads/2016/07/simpleoilbalancing-3.jpg\" style=\"height:450px; width:600px\" /></p>\r\n', 175000, 200000, 200, 'images/s10.jpg', 40, 10, 2, 4),
(28, 'Nước Tẩy Trang Mắt Môi Simple Kind To Eyes', '<h4 style=\"text-align:center\"><strong>Simple Kind To Eyes Eye Make-up Remover</strong></h4>\r\n\r\n<p>&ndash; Tẩy trang mắt m&ocirc;i&nbsp;<strong>Simple Kind To Eyes Eye Make-up Remover</strong>&nbsp;&ndash;&nbsp; Trực thuộc sản phẩm của Simple, một thương hiệu chuy&ecirc;n về Skincare nổi tiếng về sự l&agrave;nh t&iacute;nh v&agrave; an to&agrave;n cho mọi loại da, kể cả da nhạy cảm.</p>\r\n\r\n<p>D&ograve;ng sản phẩm n&agrave;y c&oacute; khả năng tẩy sạch tất cả lớp make up l&acirc;u tr&ocirc;i tr&ecirc;n bề mặt, kể cả mascara, phấn nền, cushion v&agrave; c&aacute;c sản phẩm chống thấm nước dạng Water Proof. Tất cả đều được l&agrave;m sạch v&agrave; &ldquo;ra đi&rdquo; nhanh ch&oacute;ng chỉ với&nbsp;Simple Kind To Eyes Eye Make-up Remover.</p>\r\n\r\n<p>Với c&ocirc;ng thức dịu nhẹ, sản phẩm vừa l&agrave;m sạch da hiệu quả vừa bảo đảm độ an to&agrave;n ri&ecirc;ng biệt cho v&ugrave;ng da mắt m&ocirc;i, được xem l&agrave; v&ugrave;ng da nhạy cảm v&agrave; kh&oacute; chịu nhất.</p>\r\n\r\n<p><img alt=\"\" src=\"https://nuty.vn/wp-content/uploads/2016/05/kindtoeyesimple.jpg\" style=\"height:533px; width:800px\" /></p>\r\n\r\n<p>&ndash; Cung cấp dưỡng chất, gi&uacute;p da đỡ kh&ocirc; v&agrave; c&acirc;n bằng độ ẩm cho da</p>\r\n\r\n<p><img alt=\"\" src=\"https://nuty.vn/wp-content/uploads/2016/05/ttmmsimple-3.jpg\" style=\"height:600px; width:800px\" /></p>\r\n\r\n<p><strong>C&ocirc;ng dụng ch&iacute;nh của sản phẩm</strong><br />\r\n&ndash; Tẩy trang ri&ecirc;ng biệt v&ugrave;ng mắt m&ocirc;i</p>\r\n\r\n<ul>\r\n	<li>Lớp son l&igrave;, mascara chống thấm nước, kẻ mắt eyeliner, kem che khuyết điểm mắt.&nbsp;</li>\r\n</ul>\r\n\r\n<p>&ndash; C&ocirc;ng thức dịu nhẹ kh&ocirc;ng g&acirc;y k&iacute;ch ứng</p>\r\n\r\n<p>&ndash; Cung cấp dưỡng chất gi&uacute;p da trở n&ecirc;n mềm v&agrave; kh&ocirc;ng bị kh&ocirc; sau khi l&agrave;m sạch</p>\r\n\r\n<p><img alt=\"\" src=\"https://nuty.vn/wp-content/uploads/2016/05/ttmmsimple-2.jpg\" style=\"height:533px; width:800px\" /></p>\r\n\r\n<p><strong>Hướng dẫn sử dụng:</strong><br />\r\n&ndash; Lắc đều cho c&aacute;c th&agrave;nh phần được trộn đều ho&agrave;n to&agrave;n.<br />\r\n&ndash; Lấy một lượng th&iacute;ch hợp v&agrave;o miếng b&ocirc;ng cotton mềm v&agrave; tẩy đi lớp trang điểm tr&ecirc;n v&ugrave;ng mắt m&ocirc;i.</p>\r\n', 130000, 160000, 25, 'images/t7.jpg', 55, 9, 1, 4),
(29, 'Kem Chống Nắng Phục Hồi Da Bioderma', '<h4 style=\"text-align:center\"><strong>Kem Chống Nắng Phục Hồi Da Bioderma Cicabio Cr&egrave;me SPF 50+</strong></h4>\r\n\r\n<p>Kem Chống Nắng Phục Hồi Da Bioderma Cicabio Cr&egrave;me chứa chỉ số SPF50 &ndash; Đ&acirc;y l&agrave; chỉ số l&yacute; tưởng trong việc chống nắng, bảo vệ da, gi&uacute;p da hạn chế t&igrave;nh trạng bỏng r&aacute;t, sạm đen, ch&aacute;y da do m&ocirc;i trường v&agrave; tia UV. Đồng thời l&agrave; phương ph&aacute;p điều trị 2 trong 1 gi&uacute;p phục hồi v&agrave; điều trị l&agrave;n da yếu, mỏng dưới &aacute;nh nắng mặt trời</p>\r\n\r\n<p>Sản phẩm cũng gi&uacute;p phục hồi lớp m&agrave;ng ẩm tự nhi&ecirc;n bảo vệ da, ngăn ngừa sự sinh sản v&agrave; ph&aacute;t triển của vi khuẩn v&agrave; giảm c&aacute;c triệu chứng kh&ocirc; r&aacute;t, ửng đỏ, n&oacute;ng r&aacute;t, tr&oacute;c vảy.</p>\r\n\r\n<p><img alt=\"\" src=\"https://nuty.vn/wp-content/uploads/2020/03/bioderma-cicabio-spf-50-30ml1-1-80481c7b0c2648b6b4ca85e54cc10257-1024x1024.jpg\" style=\"height:800px; width:800px\" />&nbsp;</p>\r\n\r\n<p><strong>Th&agrave;nh phần ch&iacute;nh</strong></p>\r\n\r\n<ul>\r\n	<li>Sự kết hợp gia tăng t&aacute;c dụng của đồng, resveratrol v&agrave; chiết xuất c&acirc;y rau m&aacute; gi&uacute;p gia tăng tốc độ l&agrave;m l&agrave;nh da.</li>\r\n	<li>Với chỉ số chống nắng SPF 50+ rất cao gi&uacute;p hạn chế nguy cơ tăng sắc tố.</li>\r\n	<li>C&aacute;c chất chống vi khuẩn (đồng-kẽm) gi&uacute;p l&agrave;m sạch khuẩn cho lớp biểu b&igrave;.</li>\r\n	<li>Antalgicine&trade; nhanh ch&oacute;ng l&agrave;m giảm cảm gi&aacute;c kh&oacute; chịu, ngứa của vết thương mới.</li>\r\n	<li>Kết cấu cung cấp ẩm v&agrave; bảo vệ vết thương nhờ axit hyaluronic, kh&ocirc;ng nhờn v&agrave; bết d&iacute;nh cho da, đem đến cảm gi&aacute;c thực sự dễ chịu.</li>\r\n</ul>\r\n\r\n<p><img alt=\"\" src=\"https://nuty.vn/wp-content/uploads/2020/03/kem-duong-am-bioderma-ho-tro-phuc-hoi-tai-tao-da-30ml-2.jpg\" style=\"height:800px; width:800px\" /></p>\r\n\r\n<p>&nbsp;</p>\r\n\r\n<p><strong>Đối tượng sử dụng:</strong><br />\r\nKem Bioderma Cicabio L&agrave;m L&agrave;nh Phục Hồi Da K&iacute;ch Ứng Do Tổn Thương th&iacute;ch hợp với mọi loại da, đặc biệt l&agrave; da bị tổn thương.</p>\r\n\r\n<p>Hướng dẫn sử dụng:&nbsp;</p>\r\n\r\n<p>Lấy 1 lượng vừa đủ apply l&ecirc;n da, sử dụng Cicabio SPF 50+ l&ecirc;n v&ugrave;ng da bị tổn thương. Sử dụng đến khi da phục hồi ho&agrave;n to&agrave;n.&nbsp;</p>\r\n\r\n<p>Lưu &yacute;:Khi da tiếp x&uacute;c với &aacute;nh mặt trời h&atilde;y b&ocirc;i lại thường xuy&ecirc;n. Tr&aacute;nh v&ugrave;ng mắt. Nếu vẫn kh&oacute; chịu h&atilde;y tham khảo &yacute; kiến của b&aacute;c sĩ.<br />\r\nKh&ocirc;ng b&ocirc;i l&ecirc;n vết thương hoặc vết bỏng do đi nắng qu&aacute; l&acirc;u (bỏng nắng).</p>\r\n', 400000, 490000, 89, 'images/c2.jpg', 2000, 1050, 4, 2),
(30, 'Kem Chống Nắng Có Màu Bioderma Photoderm', '<h4 style=\"text-align:center\"><strong>Kem Chống Nắng C&oacute; M&agrave;u Bioderma Photoderm Max Aquafluide Spf 50+ Light Colour</strong></h4>\r\n\r\n<p>Kem chống nắng Bioderma Photoderm sử dụng c&ocirc;ng nghệ Cellular Bioprotection&trade; độc quyền gi&uacute;p bảo vệ c&aacute;c tế b&agrave;o da khỏi c&aacute;c gốc tự do đồng thời k&iacute;ch th&iacute;ch khả năng tự ph&ograve;ng vệ của da dưới &aacute;nh nắng mặt trời, l&agrave;m chậm qu&aacute; tr&igrave;nh l&atilde;o h&oacute;a sớm do ảnh hưởng của tia UV.</p>\r\n\r\n<p>Cellular Bioprotection hoạt động như một &ldquo;c&ocirc;ng tắc&rdquo; k&iacute;ch hoạt khả năng tự vệ của h&agrave;ng r&agrave;o ph&ograve;ng thủ tr&ecirc;n da, được tổng hợp từ hai th&agrave;nh phần ch&iacute;nh:</p>\r\n\r\n<ul>\r\n	<li>Ectoin: hoạt chất hỗ trợ th&uacute;c đẩy chức năng bảo vệ của tế b&agrave;o da dưới &aacute;nh nắng mặt trời, giảm sự ph&aacute; hủy collagen v&agrave; elastin do t&aacute;c hại của tia UV.</li>\r\n	<li>Đường tự nhi&ecirc;n Manitol gi&uacute;p chống lại gốc tự do v&agrave; những t&aacute;c hại g&acirc;y ra bởi gốc tự do như l&atilde;o h&oacute;a, đứt g&atilde;y ADN.</li>\r\n</ul>\r\n\r\n<p>Photoderm Max Aquafluide SPF 50+ với th&agrave;nh phần kết hợp 3 loại phấn kiềm dầu, gi&uacute;p kiểm so&aacute;t dầu &amp; b&oacute;ng nhờn hiệu quả.</p>\r\n\r\n<p>Công thức Anti &ndash; shine giúp bề mặt da không bóng nhờn ch&iacute;nh l&agrave; &ldquo;điểm cộng&rdquo; d&agrave;nh ri&ecirc;ng cho những l&agrave;n da dầu nhạy cảm đấy nh&eacute;.</p>\r\n\r\n<p>&nbsp;</p>\r\n\r\n<p>Chất kem mỏng nhẹ v&agrave; lỏng như sữa nên thẩm thấu cực nhanh mà kh&ocirc;ng gây nhờn dính, không để lại vệt trắng trên da v&agrave; an toàn cả với những làn da nhạy cảm nhất.</p>\r\n\r\n<p>Tone m&agrave;u Light th&iacute;ch hợp với những bạn muốn n&acirc;ng t&ocirc;ng nhẹ.&nbsp;</p>\r\n\r\n<p>Kem chống nắng Photoderm MAX Aquafluide SPF 50+ bảo vệ da khỏi t&aacute;c hại của tia UVA/UVB với chỉ số chống nắng cao.&nbsp;</p>\r\n\r\n<p>Sản phẩm được c&aacute;c b&aacute;c sĩ da liễu khuy&ecirc;n d&ugrave;ng kh&ocirc;ng chứa hương liệu, paraben, kh&ocirc;ng cồn lại rất dịu nhẹ, sử dụng được với da nhạy cảm, da dễ nổi mụn.</p>\r\n\r\n<p>&nbsp;</p>\r\n\r\n<p><strong>Hướng dẫn sử dụng</strong></p>\r\n\r\n<ul>\r\n	<li>D&ugrave;ng v&agrave;i lần trong ng&agrave;y trước khi tiếp x&uacute;c với &aacute;nh nắng mặt trời.</li>\r\n	<li>B&ocirc;i sản phẩm đều v&agrave; đủ lượng &iacute;t nhất 20 ph&uacute;t trước khi đi ra nắng (nếu d&ugrave;ng kh&ocirc;ng đủ sẽ giảm t&aacute;c dụng bảo vệ da trước &aacute;nh nắng).</li>\r\n	<li>B&ocirc;i lại kem chống nắng thường xuy&ecirc;n mỗi sau 2 tiếng, trước v&agrave; sau khi bơi lội, lau mồ h&ocirc;i v&agrave; chơi thể thao.</li>\r\n	<li><strong>Lưu &yacute;:</strong>&nbsp;Tr&aacute;nh &aacute;nh nắng cho trẻ em v&agrave; trẻ sơ sinh. Tiếp x&uacute;c trực tiếp với &aacute;nh nắng mặt trời c&oacute; thể ảnh hưởng xấu đến sức khỏe.</li>\r\n</ul>\r\n\r\n<p><img alt=\"DRUGSTORE BB CREAM Review | Bioderma Photoderm BB cream 50+ - YouTube\" src=\"https://i.ytimg.com/vi/RJ9JPMK0g4s/maxresdefault.jpg\" style=\"height:450px; width:800px\" /></p>\r\n', 370000, 410000, 97, 'images/c3.png', 5638, 202, 4, 2),
(31, 'Kem Chống Nắng Kiehl’s Ultra Light', '<h4 style=\"text-align:center\"><strong>Kem Chống Nắng Kiehl&rsquo;s Ultra Light Daily UV Defense SPF 50 PA++++ Anti-pollution&nbsp;</strong></h4>\r\n\r\n<p><img alt=\"\" src=\"https://nuty.vn/wp-content/uploads/2018/11/kem-chong-nang-kiehls-ultra-light-daily-uv-defense-spf-50-pa-anti-pollution-1024x1024.jpg\" style=\"height:800px; width:800px\" /></p>\r\n\r\n<p>Chắc c&aacute;c n&agrave;ng kh&ocirc;ng qu&ecirc;n CH&Agrave;NG TRAI đ&atilde; &ldquo;Thay mặt hội chị em phơi m&igrave;nh ngo&agrave;i trời để thử 15 loại kem chống nắng&rdquo; v&agrave; r&uacute;t ra kết luận Kem Chống Nắng Kiehl&rsquo;s ch&iacute;nh l&agrave; 1 trong những sản phẩm m&agrave; anh ấy trải nghiệm v&agrave; đem đến HIỆU QUẢ CỰC CAO!</p>\r\n\r\n<p>&nbsp;</p>\r\n\r\n<p><img alt=\"\" src=\"https://nuty.vn/wp-content/uploads/2018/11/kem-chong-nang-kiehls-ultra-light-daily-uv-defense-spf-50-pa-anti-pollution-30ml-1-1024x1024.jpg\" style=\"height:800px; width:800px\" /></p>\r\n\r\n<p>&ndash; Chờ g&igrave; nữa m&agrave; kh&ocirc;ng mang Kiehl&rsquo;s Ultra Light Daily UV Defense SPF 50 PA++++ Anti-pollution về chăm da nhỉ?</p>\r\n\r\n<p>&nbsp;</p>\r\n\r\n<p><img alt=\"\" src=\"https://nuty.vn/wp-content/uploads/2018/11/79927242-2972218662791054-8949665990262652928-o.jpg\" style=\"height:800px; width:800px\" /></p>\r\n\r\n<p>minisize</p>\r\n\r\n<p><img alt=\"\" src=\"https://nuty.vn/wp-content/uploads/2018/11/kem-chong-nang-hang-ngay-ultra-light-daily-uv-defense-spf-50-pa-anti-pollution-1024x1024.jpg\" style=\"height:800px; width:800px\" /></p>\r\n\r\n<p>&nbsp;</p>\r\n\r\n<p>Sản phẩm kh&ocirc;ng chỉ gi&uacute;p bảo vệ da to&agrave;n diện dưới sức mạnh t&agrave;n ph&aacute; nguy hại của tia UV, m&agrave; c&ograve;n tạo lớp m&agrave;ng vững chắc tr&ecirc;n bề mặt để giảm bớt c&aacute;c t&igrave;nh trạng về bỏng r&aacute;t, ch&aacute;y nắng từ nhiều nguy&ecirc;n nh&acirc;n kh&aacute;c như &ocirc; nhiễm m&ocirc;i trường v&agrave; từ c&aacute;c gốc tự do.</p>\r\n\r\n<p>C&aacute;c th&agrave;nh phần v&agrave; hệ số chống nắng nổi bật m&agrave; c&aacute;c n&agrave;ng cần biết:</p>\r\n\r\n<p>+&nbsp;Chỉ số SPF 50 PA++++: Chống nắng &amp; bảo vệ da khỏi t&aacute;c hại của tia UVA/UVB trong khoảng 8h đồng hồ.</p>\r\n\r\n<p>+&nbsp;2 lớp m&agrave;ng lọc sinh học độc quyền Mexoryl SX v&agrave; Mexoryl XL: Gi&uacute;p bảo vệ da khỏi t&aacute;c hại từ tia tử ngoại ở cường độ cao nhất, được sử dụng như yếu tố quan trọng v&agrave; kh&ocirc;ng thể thiếu trong kem chống nắng của Kiehl&rsquo;s.</p>\r\n\r\n<p>+&nbsp;Chiết xuất Ho&agrave;ng Cầm: Bảo vệ da khỏi oxi h&oacute;a từ c&aacute;c gốc tự do g&acirc;y hại.</p>\r\n\r\n<p>+ Th&agrave;nh phần Xen-lu-l&ocirc;-zơ (Cellulospheres): L&agrave; hợp chất với cấu tr&uacute;c dạng xốp tạo th&agrave;nh một m&agrave;n chắn vật l&yacute; tr&ecirc;n da, ngăn chặn c&aacute;c yếu tố g&acirc;y hại từ m&ocirc;i trường t&aacute;c động đến da.</p>\r\n\r\n<p><img alt=\"\" src=\"https://nuty.vn/wp-content/uploads/2018/11/kem-chong-nang-hang-ngay-ultra-light-daily-uv-defense-spf-50-pa-1024x663.jpg\" style=\"height:518px; width:800px\" />Kết cấu kem mỏng mịn, khi apply sẽ nhanh ch&oacute;ng h&ograve;a v&agrave;o m&agrave;u da, kh&ocirc;ng để lại vệt trắng v&agrave; khiến da nhờn r&iacute;t hay kh&oacute; chịu n&ecirc;n c&aacute;c n&agrave;ng ho&agrave;n to&agrave;n y&ecirc;n t&acirc;m nh&eacute;.</p>\r\n\r\n<p><img alt=\"Kem Chống Nắng Hằng Ngày Kiehl\'s Ultra Light Daily UV Defense SPF ...\" src=\"https://vn-test-11.slatic.net/p/855a2c755dc76b87f2fd936a2dabd943.jpg_720x720q80.jpg_.webp\" style=\"height:800px; width:800px\" /></p>\r\n\r\n<p>Sản phẩm đ&atilde; được kiểm nghiệm bởi c&aacute;c chuy&ecirc;n gia da liễu, ph&ugrave; hợp với mọi loại da, bao gồm cả da nhạy cảm.</p>\r\n', 370000, 410000, 400, 'images/c3.jpg', 200, 150, 4, 3),
(34, 'Gel Dưỡng Mắt Clinique Moisture Surge Eye', '<h4 style=\"text-align:center\"><strong>Gel Dưỡng Mắt Clinique Moisture Surge Eye 96-Hour Hydro-Filler Concentrate (5ml)</strong></h4>\r\n\r\n<p>&nbsp;</p>\r\n\r\n<p><img alt=\"\" src=\"https://nuty.vn/wp-content/uploads/2021/10/clinique-moisture-surge-eye-96-1628954874-d178529f-progressive-283x300.jpg\" style=\"height:636px; width:600px\" /></p>\r\n\r\n<p>&nbsp;</p>\r\n\r\n<p>Clinique Moisture Surge Eye 96-Hour Hydro-Filler Concentrate l&agrave;&nbsp;gel dưỡng ẩm cho v&ugrave;ng mắt, th&iacute;ch hợp sử dụng hằng ng&agrave;y v&agrave; trước khi makeup.</p>\r\n\r\n<p>Ứng dụng c&ocirc;ng nghệ kh&ocirc;i phục m&agrave;ng ẩm tự nhi&ecirc;n của da với tinh chất bơ L&ocirc; Hội gi&agrave;u dưỡng, ngăn ngừa tối đa t&igrave;nh trạng mất nước ở da. Thao t&aacute;c massage chuyển động tr&ograve;n k&iacute;ch th&iacute;ch c&aacute;c hạt tinh thể capsule vỡ ra, giải ph&oacute;ng chất chống oxy h&oacute;a, giảm thiểu nếp nhăn v&agrave; c&aacute;c dấu hiệu tuổi t&aacute;c ở khu vực v&ugrave;ng mắt.&nbsp;</p>\r\n\r\n<p>&nbsp;</p>\r\n\r\n<p><img alt=\"\" src=\"https://nuty.vn/wp-content/uploads/2021/10/cliniqueye-02-300x297.jpg\" style=\"height:594px; width:600px\" /></p>\r\n\r\n<p>&nbsp;</p>\r\n\r\n<p>Chất gel nhẹ, trong suốt gi&uacute;p bạn cảm thấy cực kỳ thoải m&aacute;i v&agrave; dễ chịu khi sử dụng. Trong v&agrave;i ph&uacute;t, gel ho&agrave;n to&agrave;n được hấp thụ v&agrave;o v&ugrave;ng dưới mắt của bạn m&agrave; kh&ocirc;ng g&acirc;y cảm gi&aacute;c nhờn, r&iacute;t. T&aacute;c dụng dưỡng ẩm k&eacute;o d&agrave;i đến 96 giờ.&nbsp;</p>\r\n\r\n<p>&nbsp;</p>\r\n\r\n<p><img alt=\"\" src=\"https://nuty.vn/wp-content/uploads/2021/10/cliniqueye-01-300x298.jpg\" style=\"height:596px; width:600px\" /></p>\r\n\r\n<p>&nbsp;</p>\r\n\r\n<p><strong>C&ocirc;ng dụng:</strong></p>\r\n\r\n<ul>\r\n	<li>Dưỡng ẩm v&agrave; chống nhăn v&ugrave;ng mắt</li>\r\n	<li>L&agrave;m mặt nạ thư gi&atilde;n v&ugrave;ng mắt trong 3 ph&uacute;t</li>\r\n	<li>C&oacute; thể sử dụng như kem l&oacute;t trước khi trang điểm</li>\r\n	<li>Giảm nhanh c&aacute;c triệu chứng sưng h&uacute;p kh&oacute; chịu</li>\r\n</ul>\r\n', 200000, 250000, 98, 'images/clinqiue02-600x600.png', 2001, 54, 3, 5),
(35, 'Kem Dưỡng Mắt Clinique All About Eyes Cream', '<h4 style=\"text-align:center\"><strong>Kem Dưỡng Mắt Clinique All About Eyes Cream (30ml)</strong></h4>\r\n\r\n<p>&nbsp;</p>\r\n\r\n<p><img alt=\"\" src=\"https://nuty.vn/wp-content/uploads/2021/04/kem-duong-mat-chong-lao-hoa-clinique-all-about-eyes-10-300x200.jpg\" style=\"height:400px; width:600px\" /></p>\r\n\r\n<p>&nbsp;</p>\r\n\r\n<p>Kem Dưỡng Da V&ugrave;ng Mắt Clinique All About Eyes Cream l&agrave; sản phẩm b&aacute;n chạy nhất của h&atilde;ng dược mỹ phẩm Clinique. Đ&acirc;y l&agrave; h&atilde;ng dược mỹ phẩm lớn v&agrave; c&oacute; tiếng của Hoa Kỳ. Ti&ecirc;u ch&iacute; của Clinique ngay từ khi ra đời đ&oacute; l&agrave;: &ldquo;Cam kết mọi sản phẩm đều được KIỂM CHỨNG DỊ ỨNG&rdquo;. Cần n&oacute;i th&ecirc;m, 100% sản phẩm của Clinique đều kh&ocirc;ng pha hương liệu.</p>\r\n\r\n<p>Ch&iacute;nh v&igrave; thế, đối với v&ugrave;ng da nhạy cảm như da mắt, nhiều c&ocirc; g&aacute;i tin tưởng v&agrave; lựa chọn&nbsp;Kem Dưỡng Da V&ugrave;ng Mắt Clinique All About Eyes Cream để chăm s&oacute;c cho đ&ocirc;i mắt th&ecirc;m khỏe đẹp.</p>\r\n\r\n<p>Kem Dưỡng Da V&ugrave;ng Mắt Clinique All About Eyes Cream c&oacute; t&aacute;c dụng tuyệt vời l&ecirc;n đ&ocirc;i mắt</p>\r\n\r\n<h3>C&ocirc;ng dụng</h3>\r\n\r\n<ul>\r\n	<li>Kem dưỡng mắt với c&ocirc;ng thức gi&agrave;u độ ẩm, gi&uacute;p l&agrave;m mềm v&agrave; phục hồi l&agrave;n da kh&ocirc; r&aacute;p.</li>\r\n	<li>Th&agrave;nh phần kem c&oacute; t&aacute;c dụng tăng cường sản sinh Collagen, ngăn ngừa t&igrave;nh trạng l&atilde;o h&oacute;a. (Collagen l&agrave; loại protein đặc biệt, chiếm đến 70% cấu tr&uacute;c da. Thiếu collagen dẫn đến cấu tr&uacute;c da lỏng lẻo, da bị ch&ugrave;ng, nếp nhăn xuất hiện.)</li>\r\n	<li>&nbsp;Hạn chế việc xuất hiện của c&aacute;c nếp nhăn, đường r&atilde;nh nhỏ khiến cho mắt tr&ocirc;ng gi&agrave; nua.</li>\r\n	<li>Giảm sưng tấy. Đặc biệt trong những ng&agrave;y mắt phải l&agrave;m việc nhiều.</li>\r\n	<li>Giảm quầng th&acirc;m cho mắt, đem lại &aacute;nh nh&igrave;n tươi s&aacute;ng v&agrave; trẻ trung hơn.</li>\r\n</ul>\r\n\r\n<h3>Th&agrave;nh phần</h3>\r\n\r\n<p>&nbsp;Kem Dưỡng Da V&ugrave;ng Mắt Clinique All About Eyes Cream gi&agrave;u th&agrave;nh phần thực vật, v&igrave; thế rất l&agrave;nh t&iacute;nh, kh&ocirc;ng g&acirc;y đau r&aacute;t.</p>\r\n\r\n<ul>\r\n	<li>Bơ hạt mỡ: dưỡng ẩm, l&agrave;m mềm dịu da, giảm nếp nhăn tr&ecirc;n da.</li>\r\n	<li>Chiết xuất mầm l&uacute;a mạch: chứa dưỡng chất ngừa l&atilde;o h&oacute;a, gi&uacute;p l&agrave;n da s&aacute;ng l&ecirc;n h&agrave;ng ng&agrave;y.</li>\r\n	<li>Tr&agrave; xanh: giảm vi&ecirc;m, giảm sưng tấy v&agrave; l&agrave;m dịu da hiệu quả.</li>\r\n</ul>\r\n\r\n<p>Th&agrave;nh phần kh&ocirc;ng chứa paraben. Kh&ocirc;ng chứa c&aacute;c chất g&acirc;y k&iacute;ch ứng, dị ứng da. Ph&ugrave; hợp ngay cả với da nhạy cảm.</p>\r\n\r\n<p>&nbsp;</p>\r\n\r\n<p><img alt=\"\" src=\"https://nuty.vn/wp-content/uploads/2021/04/clinique-co-that-su-hieu-qua-696x385-300x166.jpg\" style=\"height:332px; width:600px\" /></p>\r\n\r\n<p>&nbsp;</p>\r\n\r\n<h3>Chất kem</h3>\r\n\r\n<ul>\r\n	<li>Kem c&oacute; m&agrave;u hồng đ&agrave;o v&agrave; m&ugrave;i hương nhẹ, dễ chịu.</li>\r\n	<li>Chất kem gi&agrave;u nước, lỏng v&agrave; m&aacute;t. V&igrave; thế thẩm thấu nhanh tr&ecirc;n da. Tuy kem dạng lỏng nhưng khi thoa l&ecirc;n kh&ocirc;ng l&agrave;m mắt bị b&oacute;ng nhờn. Dung dịch nhanh ch&oacute;ng thấm s&acirc;u v&agrave;o 3 lớp biểu b&igrave; v&agrave; t&aacute;c động hiệu quả l&ecirc;n da.</li>\r\n</ul>\r\n\r\n<h3>C&aacute;ch sử dụng</h3>\r\n\r\n<ul>\r\n	<li>Sử dụng cho cả mi mắt tr&ecirc;n v&agrave; phần bọng mắt dưới</li>\r\n	<li>Sử dụng 2 lần mỗi ng&agrave;y s&aacute;ng-tối để cho kết quả tốt nhất.</li>\r\n</ul>\r\n\r\n<p>Mới c&aacute;c bạn xem review về sản phẩm. (C&aacute;c bạn c&oacute; thể k&iacute;ch v&agrave;o phần C&agrave;i đặt (h&igrave;nh b&aacute;nh xe dưới g&oacute;c phải video), sau đ&oacute; chọn phụ đề để xem dễ d&agrave;ng hơn nh&eacute;.)</p>\r\n', 1320000, 1400000, 50, 'images/cli-2.jpg', 1000, 48, 3, 5),
(36, 'Sữa Rửa Mặt Cosmedica Skincare Activated', '<h4 style=\"text-align:center\"><strong>Sữa Rửa Mặt Cosmedica Skincare Activated Charcoal Cleanser (120ml)</strong></h4>\r\n\r\n<p>&nbsp;&nbsp;</p>\r\n\r\n<p><img alt=\"\" src=\"https://nuty.vn/wp-content/uploads/2020/11/cc55d5cfad5c138c678beb1125f3482e.jpg\" style=\"height:800px; width:800px\" /></p>\r\n\r\n<p><strong>GIỚI THIỆU:</strong></p>\r\n\r\n<p>▪Cosmedica Skincare l&agrave; thương hiệu mỹ phẩm dưỡng da đến từ Hoa Kỳ. &hellip; Tinh Chất Dưỡng Ẩm Cosmedica Pure Hyaluronic Acid Serum &hellip; h&agrave;ng loạt c&aacute;c vấn đề nan giải về v&ugrave;ng da mắt như: quầng th&acirc;m, bọng mắt v&agrave; nếp nhăn. &hellip; mỹ phẩm thuộc rất nhiều thương hiệu lớn nhỏ, hội tụ từ khắp c&aacute;c quốc gia tr&ecirc;n thế giới.</p>\r\n\r\n<p>&nbsp;</p>\r\n\r\n<p><strong>SẢN PHẨM:</strong>&nbsp;Sữa rửa mặt than hoạt t&iacute;nh gi&uacute;p tẩy độc tố, l&agrave;m sạch da khỏi bụi bẩn được t&iacute;ch tụ hằng ng&agrave;y từ m&ocirc;i trường. Than hoạt t&iacute;nh h&uacute;t bụi v&agrave; b&atilde; nhờn dư thừa như nam ch&acirc;m. L&agrave;n da tươi mới v&agrave; sạch sẽ sẽ lộ ra để tăng khả năng hấp thụ c&aacute;c hoạt chất kh&aacute;c, hỗ trợ l&agrave;m nền để trang điểm. Viamin E v&agrave; dầu dừa cung cấp vừa đủ độ ẩm để da lu&ocirc;n mềm mịn v&agrave; kh&ocirc;ng bị căng.</p>\r\n\r\n<p><img alt=\"\" src=\"https://nuty.vn/wp-content/uploads/2020/11/69198771208b35a22554ea2427d7a584.jpg\" style=\"height:800px; width:800px\" /></p>\r\n\r\n<p><strong>Hướng dẫn sử dụng:</strong>&nbsp;Cho một &iacute;t l&ecirc;n tay tạo bọt với nước ấm, rửa xoay theo c&aacute;c v&ograve;ng tr&ograve;n nhỏ l&ecirc;n mặt v&agrave; v&ugrave;ng cổ. Tr&aacute;nh tiếp x&uacute;c với mắt. Rửa sạch. Vỗ nhẹ cho kh&ocirc;. Sử dụng ban ng&agrave;y v&agrave; ban đ&ecirc;m. Ch&uacute;ng t&ocirc;i khuy&ecirc;n d&ugrave;ng c&ugrave;ng với toner, serum v&agrave; kem dưỡng ẩm.</p>\r\n', 320000, 385000, 100, 'images/cos.jpg', 0, 0, 2, 6),
(37, 'Gel Sữa Chống Nắng Shiseido Senka', '<h2>Gel Sữa Chống Nắng Shiseido Senka Perfect UV&nbsp;</h2>\r\n\r\n<p><img alt=\"\" src=\"https://nuty.vn/wp-content/uploads/2017/08/sen-1024x683.jpg\" style=\"height:534px; width:800px\" />Gel Sữa Chống Nắng Shiseido Senka Perfect UV l&agrave; sản phẩm mới vừa được h&atilde;ng Shiseido tr&igrave;nh l&agrave;ng v&agrave;o năm 2017. Gel đ&oacute;ng vai tr&ograve; vừa cấp ẩm vừa bảo vệ da khỏi t&aacute;c hại của &aacute;nh nắng mặt trời.</p>\r\n\r\n<p>H&igrave;nh ảnh thực tế của Gel Sữa Chống Nắng Shiseido Senka Perfect UV khi về Việt Nam.</p>\r\n\r\n<p>Gel Sữa Chống Nắng Shiseido Senka</p>\r\n\r\n<p><strong>Sản phẩm c&oacute; những ưu điểm nổi trội như sau:</strong></p>\r\n\r\n<p>C&ocirc;ng thức được bổ sung gấp đ&ocirc;i Hyaluronic Acid duy tr&igrave; lớp m&agrave;ng dưỡng ẩm tự nhi&ecirc;n cho da. Từ đ&oacute; gi&uacute;p hạn chế t&igrave;nh trạng da kh&ocirc; căng sau mỗi lần sử dụng.</p>\r\n\r\n<p>Chiết xuất tơ tằm kh&ocirc;ng chỉ giữ ẩm tốt m&agrave; c&ograve;n gi&uacute;p bổ sung dưỡng chất nu&ocirc;i dưỡng da s&aacute;ng mịn.</p>\r\n\r\n<p>Chiết xuất từ phức hợp tinh chất tơ tằm thi&ecirc;n nhi&ecirc;n v&agrave; gấp đ&ocirc;i Hyaluronic acid tạo hiệu quả chống nắng ho&agrave;n hảo.<br />\r\nChỉ số chống nắng SPF 50/PA++++ bảo vệ da tối ưu trước tia UV c&oacute; hại.</p>\r\n\r\n<p>Điểm cộng lớn nhất của sản phẩm l&agrave; kết cấu dạng gel sữa mỏng nhẹ thấm nhanh tr&ecirc;n da. Do đ&oacute;, thoa gel l&ecirc;n kh&ocirc;ng nhờn r&iacute;t hay tắc lỗ ch&acirc;n l&ocirc;ng. Sản phẩm đảm bảo cung cấp đầy đủ độ ẩm cho da lu&ocirc;n tươi m&aacute;t, ẩm mịn.</p>\r\n\r\n<p>Sản phẩm d&agrave;nh cho cả mặt v&agrave; to&agrave;n th&acirc;n. Với khả năng chống nước, chống mồ h&ocirc;i hiệu quả, sản phẩm th&iacute;ch hợp d&ugrave;ng cho c&aacute;c hoạt động ngo&agrave;i trời.</p>\r\n\r\n<p><img alt=\"\" src=\"https://nuty.vn/wp-content/uploads/2017/08/sen-1-1024x683.jpg\" style=\"height:534px; width:800px\" /></p>\r\n\r\n<p><strong>Hướng dẫn sử dụng:</strong></p>\r\n\r\n<p>&ndash; Cho một lượng vừa đủ kem chống nắng v&agrave; chấm đều l&ecirc;n c&aacute;c điểm tr&ecirc;n da.</p>\r\n\r\n<p>&ndash; T&aacute;n đều ra v&agrave; vỗ nhẹ cho kem thấm v&agrave;o da hơn.</p>\r\n\r\n<p>&ndash; Tốt nhất n&ecirc;n b&ocirc;i trước 15-20 ph&uacute;t khi bạn chuẩn bị ra ngo&agrave;i để gel ph&aacute;t huy tối đa t&aacute;c dụng.</p>\r\n\r\n<p>&ndash; Thoa lại sau khi chơi thể thao, bơi lội, hoạt động mạnh g&acirc;y tiết nhiều mồ h&ocirc;i.</p>\r\n', 100000, 111000, 50, 'images/gel-new-600x600.png', 401, 30, 1, 1),
(38, 'Dầu Tẩy Trang Kiehl’s Midnight Recovery', '<h4 style=\"text-align:center\"><strong>Dầu Tẩy Trang Kiehl&rsquo;s Midnight Recovery Botanical Cleansing Oil</strong></h4>\r\n\r\n<p>&nbsp;Sẽ thật l&agrave; thiếu s&oacute;t to t&aacute;t cho l&agrave;n da nếu c&aacute;c n&agrave;ng kh&ocirc;ng tập ngay th&oacute;i quen tẩy trang v&agrave;o cuối ng&agrave;y với&nbsp;Dầu Tẩy Trang Kiehl&rsquo;s Midnight Recovery Botanical Cleansing Oil.</p>\r\n\r\n<p>T&iacute;m mộng t&iacute;m mơ, t&iacute;m hot trend của năm 2018 đ&atilde; xuất hiện ngay tại c&aacute;c quầy h&agrave;ng nh&agrave; #Nuty trong si&ecirc;u phẩm v&ocirc; c&ugrave;ng hot, kh&ocirc;ng thể thiếu trong g&oacute;c b&agrave;n trang điểm của bất cứ c&ocirc; n&agrave;ng n&agrave;o &ndash; Dầu Tẩy Trang Kiehl&rsquo;s Midnight Recovery Botanical Cleansing Oil.</p>\r\n\r\n<p>&nbsp;</p>\r\n\r\n<p><img alt=\"\" src=\"https://nuty.vn/wp-content/uploads/2018/02/dau-tay-trang-kiehls-midnight-recovery-botanical-cleansing-oil-1024x1024.jpg\" style=\"height:800px; width:800px\" /></p>\r\n\r\n<p>Sẽ thật l&agrave; thiếu s&oacute;t to t&aacute;t cho l&agrave;n da nếu c&aacute;c n&agrave;ng kh&ocirc;ng tập ngay th&oacute;i quen tẩy trang v&agrave;o cuối ng&agrave;y, tr&uacute;t bỏ lớp makeup bức b&iacute;, tr&igrave; trệ tr&ecirc;n da thậm ch&iacute; l&agrave; ngay cả khi n&agrave;ng chỉ d&ugrave;ng mỗi kem chống nắng khi đi ra ngo&agrave;i.</p>\r\n\r\n<p><img src=\"https://file.hstatic.net/1000120710/file/kiehls-midnight-receovery-cleansing-oil_grande.jpg\" /></p>\r\n\r\n<p>Dầu Tẩy Trang Kiehl&rsquo;s Midnight Recovery Botanical Cleansing Oil sẽ l&agrave; lựa chọn ho&agrave;n hảo cho cả những c&ocirc; n&agrave;ng kh&oacute; t&iacute;nh. Kh&ocirc;ng chỉ ho&agrave;n th&agrave;nh xuất sắc nhiệm vụ l&agrave;m sạch đi lớp makeup, giải tho&aacute;t l&agrave;n da, em &iacute; c&ograve;n gi&uacute;p thư gi&atilde;n l&agrave;n da với hương thơm lavender nhẹ nh&agrave;ng, x&oacute;a tan những mệt mỏi tr&ecirc;n da, hạn chế tối đa những nếp nhăn xuất hiện.</p>\r\n\r\n<p>Kiehl&rsquo;s Midnight Recovery Botanical Cleansing Oil với th&agrave;nh phần chiết xuất&nbsp;từ tinh dầu hoa anh thảo,&nbsp;Squalane v&agrave; hoa lavender gi&uacute;p lấy sạch cả những cặn trang điểm l&acirc;u tr&ocirc;i như mascara, eyeliner s&acirc;u trong lỗ ch&acirc;n l&ocirc;ng, dưỡng da lu&ocirc;n mềm mại v&agrave; ngăn ngừa l&atilde;o h&oacute;a da tối đa.</p>\r\n\r\n<p>Đồng thời sự kết hợp của c&aacute;c dưỡng chất thi&ecirc;n nhi&ecirc;n trong th&agrave;nh phần gi&uacute;p cấp ẩm cho l&agrave;n da căng mướt, trẻ trung,&nbsp;l&agrave;m dịu những v&ugrave;ng da bị vi&ecirc;m, mang lại cho bạn l&agrave;n da đẹp v&agrave; khỏe mạnh đ&uacute;ng nghĩa.&nbsp;</p>\r\n\r\n<p><img alt=\"\" src=\"https://nuty.vn/wp-content/uploads/2018/02/maxresdefault-1-1-1024x576.jpg\" style=\"height:450px; width:800px\" /></p>\r\n\r\n<p>Sản phẩm kh&ocirc;ng chứa x&agrave; ph&ograve;ng, sunfat v&agrave; mineral oil, hạn chế t&igrave;nh trạng g&acirc;y k&iacute;ch ứng da mặt, ngay cả l&agrave;n da nhạy cảm nhất.&nbsp;</p>\r\n\r\n<p>Dung dịch c&oacute; m&agrave;u trắng ng&agrave;, khi apply l&ecirc;n da kh&ocirc;ng g&acirc;y cảm gi&aacute;c nhờn d&iacute;nh kh&oacute; chịu. D&ugrave;ng được cho mọi loại da.</p>\r\n\r\n<p>Hướng dẫn sử dụng:</p>\r\n\r\n<ul>\r\n	<li>Lấy một lượng dầu vừa đủ ra tay v&agrave; nhẹ nh&agrave;ng thoa đều l&ecirc;n v&ugrave;ng da cần tẩy trang.</li>\r\n	<li>Massage nhẹ nh&agrave;ng theo h&igrave;nh xoắn ốc từ ngo&agrave;i v&agrave;o trong để sản phẩm l&agrave;m sạch s&acirc;u đồng thời kh&ocirc;ng l&agrave;m chảy xệ da.</li>\r\n	<li>Th&ecirc;m 1 ch&uacute;t nước ra tay v&agrave; tiếp tục massage cho đến khi hỗn hợp dầu v&agrave; nước chuyển sang dạng trắng sữa.</li>\r\n	<li>Rửa mặt sạch với nước ấm. V&agrave; thực hiện c&aacute;c bước dưỡng kế tiếp.</li>\r\n</ul>\r\n', 700000, 800000, 50, 'images/kkk-600x600.jpg', 1, 0, 1, 3);

-- --------------------------------------------------------

--
-- Cấu trúc bảng cho bảng `nguoidung`
--

CREATE TABLE `nguoidung` (
  `id` int(11) NOT NULL,
  `hoten` varchar(255) NOT NULL,
  `sodienthoai` varchar(10) NOT NULL,
  `email` varchar(255) NOT NULL,
  `matkhau` varchar(255) NOT NULL,
  `loai` tinyint(4) NOT NULL DEFAULT '3',
  `trangthai` tinyint(4) NOT NULL DEFAULT '1',
  `hinhanh` varchar(255) DEFAULT NULL
) ENGINE=InnoDB DEFAULT CHARSET=utf8;

--
-- Đang đổ dữ liệu cho bảng `nguoidung`
--

INSERT INTO `nguoidung` (`id`, `hoten`, `sodienthoai`, `email`, `matkhau`, `loai`, `trangthai`, `hinhanh`) VALUES
(1, 'Trương Như Ý', '0368672641', 'nhuy@nhuy.com', 'c81e728d9d4c2f636f067f89cc14862c', 1, 1, 'avt5.jpg'),
(3, 'Huỳnh Anh', '0368677222', 'huynhanh@gmail.com', 'd41d8cd98f00b204e9800998ecf8427e', 1, 1, 'avt2.jpg'),
(4, 'Trường Linh', '0911673581', 'ailen051120@gmail.com', 'c4ca4238a0b923820dcc509a6f75849b', 3, 1, 'avt3.jpg'),
(5, 'Lệ Hằng', '0123456789', 'lehang@gmail.com', 'c4ca4238a0b923820dcc509a6f75849b', 1, 1, 'c3.png'),
(7, 'như ý', '0368672642', 'nhuy@agu.vn', 'c4ca4238a0b923820dcc509a6f75849b', 3, 1, NULL),
(12, 'Cuong', '0968369054', 'cuong@gmail.com', 'c4ca4238a0b923820dcc509a6f75849b', 3, 1, NULL),
(13, 'Hằng', '0123456789', 'hangnga@gmail.com', 'c4ca4238a0b923820dcc509a6f75849b', 3, 0, NULL),
(16, 'Kim Như', '0326002632', 'kimnhu@gmail.com', 'c4ca4238a0b923820dcc509a6f75849b', 3, 1, NULL),
(17, 'Linh Lung', '0123456789', 'linhlung@gmail.com', '781e5e245d69b566979b86e28d23f2c7', 3, 1, NULL),
(18, 'Ngọc Loan', '0123456789', 'ngocloan@gmail.com', '202cb962ac59075b964b07152d234b70', 3, 1, ''),
(19, 'Trương Kim Ý', '0968369054', 'ttky@gmail.com', 'c4ca4238a0b923820dcc509a6f75849b', 3, 1, 'hinh-nen-meo-3d-de-thuong.jpg'),
(20, 'kh1', '023456789', 'kh1@gmail.com', 'c4ca4238a0b923820dcc509a6f75849b', 3, 1, ''),
(21, 'Hữu Oai', '0123456789', 'huuoai@gmail.com', 'c4ca4238a0b923820dcc509a6f75849b', 1, 1, 'Anh-avatar-dep-chat-lam-hinh-dai-dien.jpg'),
(22, 'Hoàng Chương', '0903112677', 'hoangchuong@gmail.com', 'c4ca4238a0b923820dcc509a6f75849b', 3, 1, NULL),
(26, 'Hương Nguyễn', '0123456782', 'huong@gmail.com', 'c4ca4238a0b923820dcc509a6f75849b', 3, 1, NULL),
(28, 'Trường Linh', '0911673581', 'truonglinh@gmail.com', 'c4ca4238a0b923820dcc509a6f75849b', 3, 1, ''),
(29, 'Mỹ Tiên', '0123456789', 'mytien@gmail.com', 'c4ca4238a0b923820dcc509a6f75849b', 3, 1, NULL),
(30, 'Ý Trương', '0945817224', 'tny_19th1@gmail.com', 'c4ca4238a0b923820dcc509a6f75849b', 2, 1, NULL),
(32, 'Nguyễn Văn e', '0123456789', '123@gmail.com', 'd41d8cd98f00b204e9800998ecf8427e', 1, 1, NULL),
(37, 'aa', '0123456789', 'asd1@gmail.com', 'c4ca4238a0b923820dcc509a6f75849b', 3, 1, NULL),
(38, 'aa', '0123456789', 'asd2@gmail.com', 'c4ca4238a0b923820dcc509a6f75849b', 3, 1, NULL),
(39, 'aa', '0123456789', 'asd1a@gmail.com', 'c4ca4238a0b923820dcc509a6f75849b', 3, 1, NULL),
(40, 'Nguyễn Văn B', '0123456789', 'ailen051100@gmail.com', '91b97e63d5523940b0d00e1316c44ee5', 2, 1, NULL);

-- --------------------------------------------------------

--
-- Cấu trúc bảng cho bảng `thuonghieu`
--

CREATE TABLE `thuonghieu` (
  `id` int(11) NOT NULL,
  `tenthuonghieu` varchar(255) NOT NULL,
  `hinhanh` varchar(255) DEFAULT NULL
) ENGINE=InnoDB DEFAULT CHARSET=utf8;

--
-- Đang đổ dữ liệu cho bảng `thuonghieu`
--

INSERT INTO `thuonghieu` (`id`, `tenthuonghieu`, `hinhanh`) VALUES
(1, 'Senka', 'images/Logo-Senka-02-1.png'),
(2, 'BioDerMa', 'images/logo-bioderma.jpg'),
(3, 'Kiehl’s ', 'images/logo-kiehls.jpg'),
(4, 'Simple', 'images/logo-Simple.png'),
(5, 'Clinique', 'images/logo-clinique.jpg'),
(6, 'Cosmedica ', 'images/logo-cosmedica.png'),
(7, 'Hada Labo', 'images/logo-hadalabo.png');

--
-- Chỉ mục cho các bảng đã đổ
--

--
-- Chỉ mục cho bảng `chitietdonhang`
--
ALTER TABLE `chitietdonhang`
  ADD PRIMARY KEY (`id`),
  ADD KEY `donhang_id` (`donhang_id`),
  ADD KEY `sanpham_id` (`mypham_id`);

--
-- Chỉ mục cho bảng `diachi`
--
ALTER TABLE `diachi`
  ADD PRIMARY KEY (`id`),
  ADD KEY `nguoidung_id` (`nguoidung_id`);

--
-- Chỉ mục cho bảng `donhang`
--
ALTER TABLE `donhang`
  ADD PRIMARY KEY (`id`),
  ADD KEY `nguoidung_id` (`nguoidung_id`),
  ADD KEY `diachi_id` (`diachi_id`);

--
-- Chỉ mục cho bảng `loaimypham`
--
ALTER TABLE `loaimypham`
  ADD PRIMARY KEY (`id`);

--
-- Chỉ mục cho bảng `mypham`
--
ALTER TABLE `mypham`
  ADD PRIMARY KEY (`id`),
  ADD KEY `loaimypham_id` (`loaimypham_id`),
  ADD KEY `thuonghieu_id` (`thuonghieu_id`);

--
-- Chỉ mục cho bảng `nguoidung`
--
ALTER TABLE `nguoidung`
  ADD PRIMARY KEY (`id`);

--
-- Chỉ mục cho bảng `thuonghieu`
--
ALTER TABLE `thuonghieu`
  ADD PRIMARY KEY (`id`);

--
-- AUTO_INCREMENT cho các bảng đã đổ
--

--
-- AUTO_INCREMENT cho bảng `chitietdonhang`
--
ALTER TABLE `chitietdonhang`
  MODIFY `id` int(11) NOT NULL AUTO_INCREMENT, AUTO_INCREMENT=38;

--
-- AUTO_INCREMENT cho bảng `diachi`
--
ALTER TABLE `diachi`
  MODIFY `id` int(11) NOT NULL AUTO_INCREMENT, AUTO_INCREMENT=27;

--
-- AUTO_INCREMENT cho bảng `donhang`
--
ALTER TABLE `donhang`
  MODIFY `id` int(11) NOT NULL AUTO_INCREMENT, AUTO_INCREMENT=26;

--
-- AUTO_INCREMENT cho bảng `loaimypham`
--
ALTER TABLE `loaimypham`
  MODIFY `id` int(11) NOT NULL AUTO_INCREMENT, AUTO_INCREMENT=5;

--
-- AUTO_INCREMENT cho bảng `mypham`
--
ALTER TABLE `mypham`
  MODIFY `id` int(11) NOT NULL AUTO_INCREMENT, AUTO_INCREMENT=39;

--
-- AUTO_INCREMENT cho bảng `nguoidung`
--
ALTER TABLE `nguoidung`
  MODIFY `id` int(11) NOT NULL AUTO_INCREMENT, AUTO_INCREMENT=41;

--
-- AUTO_INCREMENT cho bảng `thuonghieu`
--
ALTER TABLE `thuonghieu`
  MODIFY `id` int(11) NOT NULL AUTO_INCREMENT, AUTO_INCREMENT=8;

--
-- Các ràng buộc cho các bảng đã đổ
--

--
-- Các ràng buộc cho bảng `chitietdonhang`
--
ALTER TABLE `chitietdonhang`
  ADD CONSTRAINT `fk_chitietdonhang_donhang` FOREIGN KEY (`donhang_id`) REFERENCES `donhang` (`id`) ON UPDATE CASCADE,
  ADD CONSTRAINT `fk_chitietdonhang_mypham` FOREIGN KEY (`mypham_id`) REFERENCES `mypham` (`id`) ON UPDATE CASCADE;

--
-- Các ràng buộc cho bảng `diachi`
--
ALTER TABLE `diachi`
  ADD CONSTRAINT `fk_diachi_nguoidung` FOREIGN KEY (`nguoidung_id`) REFERENCES `nguoidung` (`id`);

--
-- Các ràng buộc cho bảng `donhang`
--
ALTER TABLE `donhang`
  ADD CONSTRAINT `fk_donhang_diachi` FOREIGN KEY (`diachi_id`) REFERENCES `diachi` (`id`) ON UPDATE CASCADE,
  ADD CONSTRAINT `fk_donhang_nguoidung` FOREIGN KEY (`nguoidung_id`) REFERENCES `nguoidung` (`id`) ON UPDATE CASCADE;

--
-- Các ràng buộc cho bảng `mypham`
--
ALTER TABLE `mypham`
  ADD CONSTRAINT `fk_mypham_loaimypham` FOREIGN KEY (`loaimypham_id`) REFERENCES `loaimypham` (`id`) ON UPDATE CASCADE,
  ADD CONSTRAINT `fk_mypham_thuonghieu` FOREIGN KEY (`thuonghieu_id`) REFERENCES `thuonghieu` (`id`) ON UPDATE CASCADE;
COMMIT;

/*!40101 SET CHARACTER_SET_CLIENT=@OLD_CHARACTER_SET_CLIENT */;
/*!40101 SET CHARACTER_SET_RESULTS=@OLD_CHARACTER_SET_RESULTS */;
/*!40101 SET COLLATION_CONNECTION=@OLD_COLLATION_CONNECTION */;
